CREATE TABLE public.admin (
    username character varying(255) NOT NULL,
    name character varying(255) NOT NULL,
    password character varying(255) NOT NULL
);


ALTER TABLE public.admin OWNER TO postgres;

--
-- TOC entry 196 (class 1259 OID 16473)
-- Name: cinema; Type: TABLE; Schema: public; Owner: postgres
--

CREATE TABLE public.cinema (
    cinemaid character varying(255) NOT NULL,
    cinemais3d boolean NOT NULL,
    cinemanumberofseats integer NOT NULL
);


ALTER TABLE public.cinema OWNER TO postgres;

--
-- TOC entry 201 (class 1259 OID 16510)
-- Name: contentadmin; Type: TABLE; Schema: public; Owner: postgres
--

CREATE TABLE public.contentadmin (
    name character varying(255) NOT NULL,
    username character varying(255) NOT NULL,
    password character varying(255) NOT NULL
);


ALTER TABLE public.contentadmin OWNER TO postgres;

--
-- TOC entry 200 (class 1259 OID 16502)
-- Name: customer; Type: TABLE; Schema: public; Owner: postgres
--

CREATE TABLE public.customer (
    name character varying NOT NULL,
    username character varying(255) NOT NULL,
    password character varying(255) NOT NULL,
    reservation character varying(255) NOT NULL
);


ALTER TABLE public.customer OWNER TO postgres;

--
-- TOC entry 197 (class 1259 OID 16478)
-- Name: film; Type: TABLE; Schema: public; Owner: postgres
--

CREATE TABLE public.film (
    filmid character varying(255) NOT NULL,
    filmtitle character varying(255) NOT NULL,
    filmcategory character varying(255) NOT NULL,
    filmdescription text NOT NULL
);


ALTER TABLE public.film OWNER TO postgres;

--
-- TOC entry 198 (class 1259 OID 16486)
-- Name: provoli; Type: TABLE; Schema: public; Owner: postgres
--

CREATE TABLE public.provoli (
    provoliid character varying(255) NOT NULL,
    provolifilm character varying(255) NOT NULL,
    provolicinema character varying(255) NOT NULL,
    provolistartdate date NOT NULL,
    provolienddate date NOT NULL,
    provolinumberofreservations integer NOT NULL,
    provoliisavailable boolean NOT NULL
);


ALTER TABLE public.provoli OWNER TO postgres;

--
-- TOC entry 202 (class 1259 OID 16518)
-- Name: reservation; Type: TABLE; Schema: public; Owner: postgres
--

CREATE TABLE public.reservation (
    reservationid character varying(255) NOT NULL,
    provoli character varying(255) NOT NULL,
    numberofseats integer NOT NULL
);


ALTER TABLE public.reservation OWNER TO postgres;

--
-- TOC entry 2854 (class 0 OID 16494)
-- Dependencies: 199
-- Data for Name: admin; Type: TABLE DATA; Schema: public; Owner: postgres
--

INSERT INTO public.admin VALUES ('admin', 'admin', 'admin');


--
-- TOC entry 2851 (class 0 OID 16473)
-- Dependencies: 196
-- Data for Name: cinema; Type: TABLE DATA; Schema: public; Owner: postgres
--

INSERT INTO public.cinema VALUES ('C-1', false, 159);
INSERT INTO public.cinema VALUES ('C-2', false, 194);
INSERT INTO public.cinema VALUES ('C-3', false, 195);
INSERT INTO public.cinema VALUES ('C-4', true, 184);
INSERT INTO public.cinema VALUES ('C-5', true, 163);
INSERT INTO public.cinema VALUES ('C-6', false, 154);
INSERT INTO public.cinema VALUES ('C-7', false, 178);
INSERT INTO public.cinema VALUES ('C-8', true, 177);
INSERT INTO public.cinema VALUES ('C-9', true, 179);
INSERT INTO public.cinema VALUES ('C-10', false, 162);
INSERT INTO public.cinema VALUES ('C-11', true, 157);
INSERT INTO public.cinema VALUES ('C-12', true, 170);
INSERT INTO public.cinema VALUES ('C-13', false, 173);
INSERT INTO public.cinema VALUES ('C-14', false, 151);
INSERT INTO public.cinema VALUES ('C-15', true, 193);
INSERT INTO public.cinema VALUES ('C-16', true, 184);
INSERT INTO public.cinema VALUES ('C-17', false, 167);
INSERT INTO public.cinema VALUES ('C-18', false, 188);
INSERT INTO public.cinema VALUES ('C-19', false, 170);
INSERT INTO public.cinema VALUES ('C-20', false, 188);
INSERT INTO public.cinema VALUES ('C-21', false, 161);
INSERT INTO public.cinema VALUES ('C-22', false, 178);
INSERT INTO public.cinema VALUES ('C-23', true, 194);
INSERT INTO public.cinema VALUES ('C-24', true, 173);
INSERT INTO public.cinema VALUES ('C-25', true, 159);
INSERT INTO public.cinema VALUES ('C-26', false, 159);
INSERT INTO public.cinema VALUES ('C-27', false, 189);
INSERT INTO public.cinema VALUES ('C-28', true, 165);
INSERT INTO public.cinema VALUES ('C-29', true, 150);
INSERT INTO public.cinema VALUES ('C-30', true, 188);


--
-- TOC entry 2856 (class 0 OID 16510)
-- Dependencies: 201
-- Data for Name: contentadmin; Type: TABLE DATA; Schema: public; Owner: postgres
--

INSERT INTO public.contentadmin VALUES ('Leda Fretter', 'lfretter0', 'KArMD1iBGYz7');
INSERT INTO public.contentadmin VALUES ('Paula Abbado', 'pabbado1', 'LPLJv2uE4QU');
INSERT INTO public.contentadmin VALUES ('Greta Cakebread', 'gcakebread2', 'BFivq3dKXy');
INSERT INTO public.contentadmin VALUES ('Melony Van Haeften', 'mvan3', 'LFAoxu');
INSERT INTO public.contentadmin VALUES ('Doretta Malyan', 'dmalyan4', 'eVZH8lFgGb');
INSERT INTO public.contentadmin VALUES ('Valdemar Boyd', 'vboyd5', 'jb97Fdx');
INSERT INTO public.contentadmin VALUES ('Guglielmo Baumaier', 'gbaumaier6', '0eBaYUHP6nf');
INSERT INTO public.contentadmin VALUES ('Gabi Gilbeart', 'ggilbeart7', 'dUdGxbQ2Ot');
INSERT INTO public.contentadmin VALUES ('Gay Antonovic', 'gantonovic8', 'yypYpvPss');
INSERT INTO public.contentadmin VALUES ('Rosina Klamman', 'rklamman9', 'VWUkh2');


--
-- TOC entry 2855 (class 0 OID 16502)
-- Dependencies: 200
-- Data for Name: customer; Type: TABLE DATA; Schema: public; Owner: postgres
--

INSERT INTO public.customer VALUES ('Shalna Plumer', 'splumer0', 'el0BwQe', 'R-1');
INSERT INTO public.customer VALUES ('Bethina Farrington', 'bfarrington1', 'Nqdn9h9', 'R-2');
INSERT INTO public.customer VALUES ('Deborah Dearlove', 'ddearlove2', 'JquCKDGn', 'R-3');
INSERT INTO public.customer VALUES ('Joelly Waliszek', 'jwaliszek3', 'DMVsqSAC', 'R-4');
INSERT INTO public.customer VALUES ('Dorisa Gall', 'dgall4', 'Tuw6G4KX2R8', 'R-5');
INSERT INTO public.customer VALUES ('Kalil Gromley', 'kgromley5', 'VtjO1GUg', 'R-6');
INSERT INTO public.customer VALUES ('Cobb Willett', 'cwillett6', 'raLeMOkg1aNk', 'R-7');
INSERT INTO public.customer VALUES ('Georg Felstead', 'gfelstead7', 'xZHyyf9Rby', 'R-8');
INSERT INTO public.customer VALUES ('Cate Bibby', 'cbibby8', 'KrMRBWIQSXud', 'R-9');
INSERT INTO public.customer VALUES ('Zahara Girodier', 'zgirodier9', 'pNgM9fbGUCd', 'R-10');
INSERT INTO public.customer VALUES ('Even Outhwaite', 'eouthwaitea', 'Gouv2C1k4', 'R-11');
INSERT INTO public.customer VALUES ('Livia Kilmister', 'lkilmisterb', 'YXOnmYRU84', 'R-12');
INSERT INTO public.customer VALUES ('Phaidra Swetmore', 'pswetmorec', '6epTVesxIfz', 'R-13');
INSERT INTO public.customer VALUES ('Dorisa Klaassens', 'dklaassensd', 'DvqOqBdQ', 'R-14');
INSERT INTO public.customer VALUES ('Diarmid Manby', 'dmanbye', '4NZywzQ', 'R-15');
INSERT INTO public.customer VALUES ('Benoit Oppery', 'bopperyf', '3Cfnay7x4', 'R-16');
INSERT INTO public.customer VALUES ('Ransell Tyrwhitt', 'rtyrwhittg', '98tVnr7JR', 'R-17');
INSERT INTO public.customer VALUES ('Sissy Bleeze', 'sbleezeh', 'naGJ6li', 'R-18');
INSERT INTO public.customer VALUES ('Towny Shackell', 'tshackelli', 'Ky7XqTlulHN', 'R-19');
INSERT INTO public.customer VALUES ('Jobie Danielsky', 'jdanielskyj', 'kzR5B1cy', 'R-20');
INSERT INTO public.customer VALUES ('Edgar Knatt', 'eknattk', 'GJektCoNR', 'R-21');
INSERT INTO public.customer VALUES ('Lonee Tizzard', 'ltizzardl', 'AOTkpxKFuWe', 'R-22');
INSERT INTO public.customer VALUES ('Herschel Boggon', 'hboggonm', 'q1Yosd', 'R-23');
INSERT INTO public.customer VALUES ('Phillip Ryman', 'prymann', 'e7LtMZRYQKH', 'R-24');
INSERT INTO public.customer VALUES ('Claybourne Matovic', 'cmatovico', 'ullPkLZDSy', 'R-25');
INSERT INTO public.customer VALUES ('Marty Ghiraldi', 'mghiraldip', 'OuuWLkaR3o5', 'R-26');
INSERT INTO public.customer VALUES ('Latrina Echlin', 'lechlinq', 'ZwIKtQv4yQ', 'R-27');
INSERT INTO public.customer VALUES ('Alfy Beeho', 'abeehor', 'fwmIHeO1I6W', 'R-28');
INSERT INTO public.customer VALUES ('Booth Castagne', 'bcastagnes', '9DlZY36OvDNJ', 'R-29');
INSERT INTO public.customer VALUES ('Sloane Norley', 'snorleyt', 'OqEwQMma', 'R-30');
INSERT INTO public.customer VALUES ('Donall Guichard', 'dguichardu', 'aqoFvhlSR', 'R-31');
INSERT INTO public.customer VALUES ('Bethena Gilli', 'bgilliv', 'WjWiaRiWIyam', 'R-32');
INSERT INTO public.customer VALUES ('Dottie Reekie', 'dreekiew', 'TzZ0Z9Pem8wV', 'R-33');
INSERT INTO public.customer VALUES ('Rosette Clemence', 'rclemencex', '62JzqWRTy', 'R-34');
INSERT INTO public.customer VALUES ('Obadias Bowskill', 'obowskilly', '2sFAHCB', 'R-35');
INSERT INTO public.customer VALUES ('Alena Anthona', 'aanthonaz', 'GK4CB9WFA', 'R-36');
INSERT INTO public.customer VALUES ('Frasier Lemasney', 'flemasney10', 'FisIvNBe', 'R-37');
INSERT INTO public.customer VALUES ('Kristina Roantree', 'kroantree11', 'o1dSl72u', 'R-38');
INSERT INTO public.customer VALUES ('Ransom Basden', 'rbasden12', 'DieCBNw62dK', 'R-39');
INSERT INTO public.customer VALUES ('Jedediah Teresse', 'jteresse13', 'btpGVGErQA', 'R-40');
INSERT INTO public.customer VALUES ('Kata Wye', 'kwye14', 'F3IIGj', 'R-41');
INSERT INTO public.customer VALUES ('Shayne Fleay', 'sfleay15', 'LlJbgHyJJ', 'R-42');
INSERT INTO public.customer VALUES ('Norby Skpsey', 'nskpsey16', 'J8Kevted', 'R-43');
INSERT INTO public.customer VALUES ('Jillane Maltman', 'jmaltman17', 'HX6J4NLbO', 'R-44');
INSERT INTO public.customer VALUES ('Dwain Risebrow', 'drisebrow18', 'McsjNbtj', 'R-45');
INSERT INTO public.customer VALUES ('Herbert Van Hove', 'hvan19', 'ebev2kiI1fD', 'R-46');
INSERT INTO public.customer VALUES ('Caryl Tyrrell', 'ctyrrell1a', 'jFA8WlXPKD', 'R-47');
INSERT INTO public.customer VALUES ('Suzette Caso', 'scaso1b', 'cdCfNQulxS1X', 'R-48');
INSERT INTO public.customer VALUES ('Ahmad Steffan', 'asteffan1c', 'RNpfsEhebR3t', 'R-49');
INSERT INTO public.customer VALUES ('Elmore Creigan', 'ecreigan1d', 'DixH77qV0M', 'R-50');
INSERT INTO public.customer VALUES ('Ab Siddall', 'asiddall1e', 'KEAjUdJ44SQy', 'R-51');
INSERT INTO public.customer VALUES ('Base Le Hucquet', 'ble1f', '1cSI6of1', 'R-52');
INSERT INTO public.customer VALUES ('Pren Dottrell', 'pdottrell1g', 'tX1MUshlF', 'R-53');
INSERT INTO public.customer VALUES ('Burt Bindin', 'bbindin1h', 'usCX3e', 'R-54');
INSERT INTO public.customer VALUES ('Brennan Normandale', 'bnormandale1i', 'bTPsGfKpN', 'R-55');
INSERT INTO public.customer VALUES ('Sarette Cornbell', 'scornbell1j', 'JWbq0N', 'R-56');
INSERT INTO public.customer VALUES ('Fitzgerald Ivantyev', 'fivantyev1k', 'Qm4tDxyT', 'R-57');
INSERT INTO public.customer VALUES ('Inger Castiello', 'icastiello1l', 'Ez8l2FCu', 'R-58');
INSERT INTO public.customer VALUES ('Gaelan Kuhl', 'gkuhl1m', 'oHWsbRLST', 'R-59');
INSERT INTO public.customer VALUES ('Rossy Dagg', 'rdagg1n', '6ckExk', 'R-60');
INSERT INTO public.customer VALUES ('Nadya Strettell', 'nstrettell1o', 'tfv9Y6yXL', 'R-61');
INSERT INTO public.customer VALUES ('Heinrik Kitchiner', 'hkitchiner1p', 'Xbgo2GelOG', 'R-62');
INSERT INTO public.customer VALUES ('Brett Treves', 'btreves1q', '3BlGz0VCvC', 'R-63');
INSERT INTO public.customer VALUES ('Mignonne Joyner', 'mjoyner1r', '8cGOJjpds', 'R-64');
INSERT INTO public.customer VALUES ('Rasia Ajean', 'rajean1s', 'pyNGRw', 'R-65');
INSERT INTO public.customer VALUES ('Paula McClurg', 'pmcclurg1t', '7O8NdxEM', 'R-66');
INSERT INTO public.customer VALUES ('Salvador Sparrow', 'ssparrow1u', '6VgDYH', 'R-67');
INSERT INTO public.customer VALUES ('Johnnie Elvey', 'jelvey1v', 'GIxs9Ip7oSM', 'R-68');
INSERT INTO public.customer VALUES ('Woodman Figgen', 'wfiggen1w', 'x1E3e46', 'R-69');
INSERT INTO public.customer VALUES ('Jacquetta Fiddeman', 'jfiddeman1x', 'ggL1DtV', 'R-70');
INSERT INTO public.customer VALUES ('Skipton Sime', 'ssime1y', '3C1kLD', 'R-71');
INSERT INTO public.customer VALUES ('Petunia Warder', 'pwarder1z', 'YwcLtiC0a', 'R-72');
INSERT INTO public.customer VALUES ('Claudian Byatt', 'cbyatt20', 'xSnA83n', 'R-73');
INSERT INTO public.customer VALUES ('Jessica Sackey', 'jsackey21', 'JYhHNQqAOlcM', 'R-74');
INSERT INTO public.customer VALUES ('Bennie Hamblin', 'bhamblin22', 'odW1i5IGD', 'R-75');
INSERT INTO public.customer VALUES ('Michaela O Molan ', ' mo23 ', ' zNcQpfC ', ' R - 76 ');
INSERT INTO public.customer VALUES (' Hilton Jenson ', ' hjenson24 ', ' iQiHili ', ' R - 77 ');
INSERT INTO public.customer VALUES (' Packston Lappine ', ' plappine25 ', ' QHhAkZ ', ' R - 78 ');
INSERT INTO public.customer VALUES (' Dalt Botwood ', ' dbotwood26 ', ' Dq7x76 ', ' R - 79 ');
INSERT INTO public.customer VALUES (' Sapphire Pee ', ' spee27 ', ' iyFTPQz ', ' R - 80 ');
INSERT INTO public.customer VALUES (' Baron Flement ', ' bflement28 ', ' L6Z2hYATjv ', ' R - 81 ');
INSERT INTO public.customer VALUES (' Richardo Crowcum ', ' rcrowcum29 ', ' TD0ShdiApIlF ', ' R - 82 ');
INSERT INTO public.customer VALUES (' Rollie Gopsill ', ' rgopsill2a ', ' ENbi9X ', ' R - 83 ');
INSERT INTO public.customer VALUES (' Merridie Buterton ', ' mbuterton2b ', ' 8oEXG3sy1Sv ', ' R - 84 ');
INSERT INTO public.customer VALUES (' Frederique Strowger ', ' fstrowger2c ', ' 33cwxVgSY ', ' R - 85 ');
INSERT INTO public.customer VALUES (' Si McDermott - Row ', ' smcdermottrow2d ', ' mHw1LqoHw4nq ', ' R - 86 ');
INSERT INTO public.customer VALUES (' Inez Ricciardiello ', ' iricciardiello2e ', ' TpxmqrO9 ', ' R - 87 ');
INSERT INTO public.customer VALUES (' Josepha Paniman ', ' jpaniman2f ', ' kki3VQIt ', ' R - 88 ');
INSERT INTO public.customer VALUES (' Rutherford Cajkler ', ' rcajkler2g ', ' MwZLDs0E5 ', ' R - 89 ');
INSERT INTO public.customer VALUES (' Byran Hugnet ', ' bhugnet2h ', ' vN3AYXmoS6n ', ' R - 90 ');
INSERT INTO public.customer VALUES (' Priscilla Casswell ', ' pcasswell2i ', ' qWdHxJsp ', ' R - 91 ');
INSERT INTO public.customer VALUES (' Devora Brasted ', ' dbrasted2j ', ' Opv10ffKk ', ' R - 92 ');
INSERT INTO public.customer VALUES (' Nessie Jellyman ', ' njellyman2k ', ' Jo7yHAnbB ', ' R - 93 ');
INSERT INTO public.customer VALUES (' Edeline Kanwell ', ' ekanwell2l ', ' th9SI0JT ', ' R - 94 ');
INSERT INTO public.customer VALUES (' Drake Woollam ', ' dwoollam2m ', ' FQmyDnheoJZ ', ' R - 95 ');
INSERT INTO public.customer VALUES (' Say Eingerfield ', ' seingerfield2n ', ' m2x7RixUCUp ', ' R - 96 ');
INSERT INTO public.customer VALUES (' Fawne Leak ', ' fleak2o ', ' XhfsC5x ', ' R - 97 ');
INSERT INTO public.customer VALUES (' Vaclav Aldiss ', ' valdiss2p ', ' z03EVIsNo ', ' R - 98 ');
INSERT INTO public.customer VALUES (' Tami Doubrava ', ' tdoubrava2q ', ' WBWkvp6wtfaE ', ' R - 99 ');
INSERT INTO public.customer VALUES (' Daphne Blunkett ', ' dblunkett2r ', ' 8xoTsL ', ' R - 100 ');
INSERT INTO public.customer VALUES (' Sheela Adiscot ', ' sadiscot2s ', ' EoGH81kgm ', ' R - 101 ');
INSERT INTO public.customer VALUES (' Letisha Merchant ', ' lmerchant2t ', ' iGEI3po ', ' R - 102 ');
INSERT INTO public.customer VALUES (' Goober McCumesky ', ' gmccumesky2u ', ' B3XEbWf ', ' R - 103 ');
INSERT INTO public.customer VALUES (' Rachel Attree ', ' rattree2v ', ' Yr7nxXd9FEN ', ' R - 104 ');
INSERT INTO public.customer VALUES (' Gunter Geri ', ' ggeri2w ', ' yit1p7W ', ' R - 105 ');
INSERT INTO public.customer VALUES (' Ilise Starie ', ' istarie2x ', ' 0Obz4pv ', ' R - 106 ');
INSERT INTO public.customer VALUES (' Jeniffer Prando ', ' jprando2y ', ' 8yjlKQE ', ' R - 107 ');
INSERT INTO public.customer VALUES (' Rowney Ensten ', ' rensten2z ', ' lxfeLjwKN7Gl ', ' R - 108 ');
INSERT INTO public.customer VALUES (' Claudine Von Der Empten ', ' cvon30 ', ' xyLVDuJMrt ', ' R - 109 ');
INSERT INTO public.customer VALUES (' Suzann Batcheldor ', ' sbatcheldor31 ', ' S1fthuM3xjT ', ' R - 110 ');
INSERT INTO public.customer VALUES (' Netty Boater ', ' nboater32 ', ' OdfoHY ', ' R - 111 ');
INSERT INTO public.customer VALUES (' Lurline Melbourn ', ' lmelbourn33 ', ' Ja9t5emS5 ', ' R - 112 ');
INSERT INTO public.customer VALUES (' Benedict Minette ', ' bminette34 ', ' pko9HiUoveGO ', ' R - 113 ');
INSERT INTO public.customer VALUES (' Myrna Ferraron ', ' mferraron35 ', ' LzY4Fs ', ' R - 114 ');
INSERT INTO public.customer VALUES (' Lotti Peakman ', ' lpeakman36 ', ' dBmXXhW ', ' R - 115 ');
INSERT INTO public.customer VALUES (' Kirstin Verden ', ' kverden37 ', ' RA7ku2 ', ' R - 116 ');
INSERT INTO public.customer VALUES (' Stanton Beardow ', ' sbeardow38 ', ' wm0nJG ', ' R - 117 ');
INSERT INTO public.customer VALUES (' Debora Kondrat ', ' dkondrat39 ', ' QIx3DZ ', ' R - 118 ');
INSERT INTO public.customer VALUES (' Dode Brammer ', ' dbrammer3a ', ' h7gXia ', ' R - 119 ');
INSERT INTO public.customer VALUES (' Hedwig Presman ', ' hpresman3b ', ' plfBknO0 ', ' R - 120 ');
INSERT INTO public.customer VALUES (' Eada Pringour ', ' epringour3c ', ' 4j9SZ8OM ', ' R - 121 ');
INSERT INTO public.customer VALUES (' Yettie Clemas ', ' yclemas3d ', ' jTkJIzs ', ' R - 122 ');
INSERT INTO public.customer VALUES (' Maybelle Cargon ', ' mcargon3e ', ' RkKQfUNZIpTt ', ' R - 123 ');
INSERT INTO public.customer VALUES (' Olympe Flores ', ' oflores3f ', ' Whbpi1 ', ' R - 124 ');
INSERT INTO public.customer VALUES (' Marilin Feathers ', ' mfeathers3g ', ' cWaqN6h0bwX ', ' R - 125 ');
INSERT INTO public.customer VALUES (' Aveline Seebert ', ' aseebert3h ', ' qWVM6Aqqm0 ', ' R - 126 ');
INSERT INTO public.customer VALUES (' Burt Trowsdale ', ' btrowsdale3i ', ' 0brxcf ', ' R - 127 ');
INSERT INTO public.customer VALUES (' Josee Madre ', ' jmadre3j ', ' kyxuDpfqDxr ', ' R - 128 ');
INSERT INTO public.customer VALUES (' Abbot Romagnosi ', ' aromagnosi3k ', ' 4Cl1MVttX ', ' R - 129 ');
INSERT INTO public.customer VALUES (' Quent Juster ', ' qjuster3l ', ' qfWPRNYUhD1 ', ' R - 130 ');
INSERT INTO public.customer VALUES (' Jarid Cobley ', ' jcobley3m ', ' MfcBAXmX2uJ ', ' R - 131 ');
INSERT INTO public.customer VALUES (' Regan Warrilow ', ' rwarrilow3n ', ' gP6hGj1 ', ' R - 132 ');
INSERT INTO public.customer VALUES (' Nevins Choake ', ' nchoake3o ', ' PdEA9DtlpG ', ' R - 133 ');
INSERT INTO public.customer VALUES (' Karolina Ortell ', ' kortell3p ', ' eEeyNkx ', ' R - 134 ');
INSERT INTO public.customer VALUES (' Consolata Mashro ', ' cmashro3q ', ' jFPXrsQX ', ' R - 135 ');
INSERT INTO public.customer VALUES (' Barde Altamirano ', ' baltamirano3r ', ' yAH7lJjNr ', ' R - 136 ');
INSERT INTO public.customer VALUES (' Abie Haffner ', ' ahaffner3s ', ' H2Mx24 ', ' R - 137 ');
INSERT INTO public.customer VALUES (' Packston Bendelow ', ' pbendelow3t ', ' thBr4vOs ', ' R - 138 ');
INSERT INTO public.customer VALUES (' Care Ludye ', ' cludye3u ', ' n6qz7R9FaDKg ', ' R - 139 ');
INSERT INTO public.customer VALUES (' Giralda Grinter ', ' ggrinter3v ', ' dOSF5be ', ' R - 140 ');
INSERT INTO public.customer VALUES (' Stillman Quittonden ', ' squittonden3w ', ' DbBDRf ', ' R - 141 ');
INSERT INTO public.customer VALUES (' Sadye Shardlow ', ' sshardlow3x ', ' KszgolLS ', ' R - 142 ');
INSERT INTO public.customer VALUES (' Lev Assinder ', ' lassinder3y ', ' hmObY1rLnB ', ' R - 143 ');
INSERT INTO public.customer VALUES (' Maggi Kulvear ', ' mkulvear3z ', ' uLChMJ48i ', ' R - 144 ');
INSERT INTO public.customer VALUES (' Phyllys Yeude ', ' pyeude40 ', ' faTG3ZR4fP ', ' R - 145 ');
INSERT INTO public.customer VALUES (' Cy Ecclestone ', ' cecclestone41 ', ' lG0He4 ', ' R - 146 ');
INSERT INTO public.customer VALUES (' Ruthi Meryett ', ' rmeryett42 ', ' 3ZgrISVVs ', ' R - 147 ');
INSERT INTO public.customer VALUES (' Natalina Tante ', ' ntante43 ', ' Do4Tvox ', ' R - 148 ');
INSERT INTO public.customer VALUES (' Kendell Norkutt ', ' knorkutt44 ', ' QOrVMCdhPIE ', ' R - 149 ');
INSERT INTO public.customer VALUES (' Derek Hellyer ', ' dhellyer45 ', ' E5OxWaRjVg ', ' R - 150 ');
INSERT INTO public.customer VALUES (' Alexia Legh ', ' alegh46 ', ' o5UpzRf7 ', ' R - 151 ');
INSERT INTO public.customer VALUES (' Lindie Nairne ', ' lnairne47 ', ' 31qYzY ', ' R - 152 ');
INSERT INTO public.customer VALUES (' Marc Anneslie ', ' manneslie48 ', ' v90z5TsPup ', ' R - 153 ');
INSERT INTO public.customer VALUES (' Gene Simonich ', ' gsimonich49 ', ' Cm8tAu9C68q ', ' R - 154 ');
INSERT INTO public.customer VALUES (' Shawna Antognozzii ', ' santognozzii4a ', ' YZccaYgvmjVp ', ' R - 155 ');
INSERT INTO public.customer VALUES (' Egor Lewins ', ' elewins4b ', ' QoWLJQ ', ' R - 156 ');
INSERT INTO public.customer VALUES (' Red Bow ', ' rbow4c ', ' sBy4DuMQWw ', ' R - 157 ');
INSERT INTO public.customer VALUES (' Irita Hamel ', ' ihamel4d ', ' aDSmkNC ', ' R - 158 ');
INSERT INTO public.customer VALUES (' Hermann Sindell ', ' hsindell4e ', ' TNibyn ', ' R - 159 ');
INSERT INTO public.customer VALUES (' Nikolos Drinnan ', ' ndrinnan4f ', ' 4jz316tlRq4 ', ' R - 160 ');
INSERT INTO public.customer VALUES (' Mitzi Krabbe ', ' mkrabbe4g ', ' unQalHOB ', ' R - 161 ');
INSERT INTO public.customer VALUES (' Marla Elecum ', ' melecum4h ', ' A81zWDspOa ', ' R - 162 ');
INSERT INTO public.customer VALUES (' Stevy French ', ' sfrench4i ', ' OCWVsGA ', ' R - 163 ');
INSERT INTO public.customer VALUES (' Paquito Castagna ', ' pcastagna4j ', ' 5QRLMOnh6F0X ', ' R - 164 ');
INSERT INTO public.customer VALUES (' Baxter Jamieson ', ' bjamieson4k ', ' 3Z429CYKz ', ' R - 165 ');
INSERT INTO public.customer VALUES (' Dorian Hynde ', ' dhynde4l ', ' 3oeTyE ', ' R - 166 ');
INSERT INTO public.customer VALUES (' Celeste Schwartz ', ' cschwartz4m ', ' XhjlqXp3S ', ' R - 167 ');
INSERT INTO public.customer VALUES (' Ruthe Gianolini ', ' rgianolini4n ', ' y0zEsKi6LJr ', ' R - 168 ');
INSERT INTO public.customer VALUES (' Kynthia Jardein ', ' kjardein4o ', ' z3ZaGzaN ', ' R - 169 ');
INSERT INTO public.customer VALUES (' Winifield Robel ', ' wrobel4p ', ' SUcMGrpkv7GQ ', ' R - 170 ');
INSERT INTO public.customer VALUES (' Jereme Abrehart ', ' jabrehart4q ', ' 8lfjOUp47W ', ' R - 171 ');
INSERT INTO public.customer VALUES (' Daven Knifton ', ' dknifton4r ', ' rAzoqQoGICzM ', ' R - 172 ');
INSERT INTO public.customer VALUES (' Barbi Carmo ', ' bcarmo4s ', ' w6XgCzc ', ' R - 173 ');
INSERT INTO public.customer VALUES (' Xylia Palfreyman ', ' xpalfreyman4t ', ' uh6clQ0x ', ' R - 174 ');
INSERT INTO public.customer VALUES (' Raimondo Pervoe ', ' rpervoe4u ', ' sA5WnN3pgsU ', ' R - 175 ');
INSERT INTO public.customer VALUES (' Tiebold Lyon ', ' tlyon4v ', ' tPQDXZJt ', ' R - 176 ');
INSERT INTO public.customer VALUES (' Jennee Oolahan ', ' joolahan4w ', ' aS2zsV0juP ', ' R - 177 ');
INSERT INTO public.customer VALUES (' Carson Govenlock ', ' cgovenlock4x ', ' jiNa3CAeZLVt ', ' R - 178 ');
INSERT INTO public.customer VALUES (' Wainwright Tattersdill ', ' wtattersdill4y ', ' KlXsO3zJ ', ' R - 179 ');
INSERT INTO public.customer VALUES (' Nealy Volet ', ' nvolet4z ', ' ejxdaQ ', ' R - 180 ');
INSERT INTO public.customer VALUES (' Rriocard MacCague ', ' rmaccague50 ', ' nv5hrPoa ', ' R - 181 ');
INSERT INTO public.customer VALUES (' Siouxie Inold ', ' sinold51 ', ' VeaF52dwT ', ' R - 182 ');
INSERT INTO public.customer VALUES (' Brigida Blodgetts ', ' bblodgetts52 ', ' 1ayd1TmkGq ', ' R - 183 ');
INSERT INTO public.customer VALUES (' Konstanze Dyde ', ' kdyde53 ', ' dLOOF1jW ', ' R - 184 ');
INSERT INTO public.customer VALUES (' Goraud Brownsea ', ' gbrownsea54 ', ' EdOvlP ', ' R - 185 ');
INSERT INTO public.customer VALUES (' Gwyn Readshall ', ' greadshall55 ', ' 8IleIq ', ' R - 186 ');
INSERT INTO public.customer VALUES (' Kevan Ivanyutin ', ' kivanyutin56 ', ' MpYYuqJzDd ', ' R - 187 ');
INSERT INTO public.customer VALUES (' Mirabelle Bliss ', ' mbliss57 ', ' 5NOav98SPA ', ' R - 188 ');
INSERT INTO public.customer VALUES (' Frederica Loins ', ' floins58 ', ' avsUn3tdJ9 ', ' R - 189 ');
INSERT INTO public.customer VALUES (' Corrie Looks ', ' clooks59 ', ' BfPDeXer51eo ', ' R - 190 ');
INSERT INTO public.customer VALUES (' Ofella Duxfield ', ' oduxfield5a ', ' Lfkr7L52 ', ' R - 191 ');
INSERT INTO public.customer VALUES (' Leigh Steers ', ' lsteers5b ', ' F0Nce4URiEB ', ' R - 192 ');
INSERT INTO public.customer VALUES (' Maitilde Cowl ', ' mcowl5c ', ' lOOLoXBtwkS ', ' R - 193 ');
INSERT INTO public.customer VALUES (' Sharyl Strickler ', ' sstrickler5d ', ' Y93Oub ', ' R - 194 ');
INSERT INTO public.customer VALUES (' Bentley Marieton ', ' bmarieton5e ', ' Z08zmQ9Bvq7 ', ' R - 195 ');
INSERT INTO public.customer VALUES (' Hayley Braniff ', ' hbraniff5f ', ' 10arsoHPfgD ', ' R - 196 ');
INSERT INTO public.customer VALUES (' Justinn Trengrove ', ' jtrengrove5g ', ' NuNQ07RShu3H ', ' R - 197 ');
INSERT INTO public.customer VALUES (' Kathye Schwaiger ', ' kschwaiger5h ', ' E1vokDUJclaw ', ' R - 198 ');
INSERT INTO public.customer VALUES (' Kerry Kopp ', ' kkopp5i ', ' P2HbJYJ ', ' R - 199 ');
INSERT INTO public.customer VALUES (' Franciska Armfield ', ' farmfield5j ', ' L8hJTZxfFe8B ', ' R - 200 ');
INSERT INTO public.customer VALUES (' Tabby Hyett ', ' thyett5k ', ' 1uAAVYvUQZm ', ' R - 201 ');
INSERT INTO public.customer VALUES (' Clemente Cornell ', ' ccornell5l ', ' iG4KhttpuAp ', ' R - 202 ');
INSERT INTO public.customer VALUES (' Gerty Hedon ', ' ghedon5m ', ' vf9JQLW ', ' R - 203 ');
INSERT INTO public.customer VALUES (' Rad Steely ', ' rsteely5n ', ' MZSO6Bn ', ' R - 204 ');
INSERT INTO public.customer VALUES (' Pammi Zuanelli ', ' pzuanelli5o ', ' 3tniygp ', ' R - 205 ');
INSERT INTO public.customer VALUES ('Lydie Pfiffer', 'lpfifferk5', '4opJJFHD', 'R-726');
INSERT INTO public.customer VALUES (' Brittan Rawstron ', ' brawstron5p ', ' KNUNYVQ ', ' R - 206 ');
INSERT INTO public.customer VALUES (' Maurita Dyhouse ', ' mdyhouse5q ', ' 7avlt3z4v ', ' R - 207 ');
INSERT INTO public.customer VALUES (' Jeanne Cogger ', ' jcogger5r ', ' juOKiNK5IecP ', ' R - 208 ');
INSERT INTO public.customer VALUES (' Reinald Rubinsaft ', ' rrubinsaft5s ', ' Ga4TpVEi ', ' R - 209 ');
INSERT INTO public.customer VALUES (' Almeta Eck ', ' aeck5t ', ' Pv7ANVL ', ' R - 210 ');
INSERT INTO public.customer VALUES (' Edy Cahen ', ' ecahen5u ', ' AVs3FK5IjHKw ', ' R - 211 ');
INSERT INTO public.customer VALUES (' Xenia Garie ', ' xgarie5v ', ' gYSMDnloqeS ', ' R - 212 ');
INSERT INTO public.customer VALUES (' Rachael Coulbeck ', ' rcoulbeck5w ', ' vfittB ', ' R - 213 ');
INSERT INTO public.customer VALUES (' Devi Manolov ', ' dmanolov5x ', ' TK3OgDFpsbG ', ' R - 214 ');
INSERT INTO public.customer VALUES (' Cara Snar ', ' csnar5y ', ' a065PFHES ', ' R - 215 ');
INSERT INTO public.customer VALUES (' Cyndi Fauguel ', ' cfauguel5z ', ' 6cwfrZrjFijq ', ' R - 216 ');
INSERT INTO public.customer VALUES (' Pete Sugarman ', ' psugarman60 ', ' yh858zI ', ' R - 217 ');
INSERT INTO public.customer VALUES (' Tony Siward ', ' tsiward61 ', ' c0CAfbI5B ', ' R - 218 ');
INSERT INTO public.customer VALUES (' Brod Pilkington ', ' bpilkington62 ', ' d4UUM5eHqSH6 ', ' R - 219 ');
INSERT INTO public.customer VALUES (' Brande Clowton ', ' bclowton63 ', ' B3teAx8 ', ' R - 220 ');
INSERT INTO public.customer VALUES (' Anetta Detoile ', ' adetoile64 ', ' kin20PhFL ', ' R - 221 ');
INSERT INTO public.customer VALUES (' Evelyn Pirkis ', ' epirkis65 ', ' SLaXqzR2gx ', ' R - 222 ');
INSERT INTO public.customer VALUES (' Trueman Eddleston ', ' teddleston66 ', ' 9H4HH90ay5nV ', ' R - 223 ');
INSERT INTO public.customer VALUES (' Caprice Peche ', ' cpeche67 ', ' CPhC8i ', ' R - 224 ');
INSERT INTO public.customer VALUES (' Chrissie McGebenay ', ' cmcgebenay68 ', ' Yus2iZX ', ' R - 225 ');
INSERT INTO public.customer VALUES (' Kary Breckin ', ' kbreckin69 ', ' I2Q5SR9d ', ' R - 226 ');
INSERT INTO public.customer VALUES (' Kilian Crummey ', ' kcrummey6a ', ' bHWJXQnLkmp ', ' R - 227 ');
INSERT INTO public.customer VALUES (' Tobiah Morpeth ', ' tmorpeth6b ', ' YI8LzzuakX4 ', ' R - 228 ');
INSERT INTO public.customer VALUES (' Edgardo Marchelli ', ' emarchelli6c ', ' xm92FEHzTl7E ', ' R - 229 ');
INSERT INTO public.customer VALUES (' Kit Lemoir ', ' klemoir6d ', ' GaaaY2 ', ' R - 230 ');
INSERT INTO public.customer VALUES (' Dun Pecha ', ' dpecha6e ', ' jwDABpSIHJ7 ', ' R - 231 ');
INSERT INTO public.customer VALUES (' Wildon Markus ', ' wmarkus6f ', ' ylDd98VvhV0N ', ' R - 232 ');
INSERT INTO public.customer VALUES (' Catlee Tomsen ', ' ctomsen6g ', ' xuNqk3P ', ' R - 233 ');
INSERT INTO public.customer VALUES (' Stace Knibb ', ' sknibb6h ', ' fGQsZ9CLQpUi ', ' R - 234 ');
INSERT INTO public.customer VALUES (' Aylmer Meininking ', ' ameininking6i ', ' 3wWI2u ', ' R - 235 ');
INSERT INTO public.customer VALUES (' Ira Santello ', ' isantello6j ', ' A1CAqt1T7aF ', ' R - 236 ');
INSERT INTO public.customer VALUES (' Shell Quinnelly ', ' squinnelly6k ', ' 7MwbEd1jhBTG ', ' R - 237 ');
INSERT INTO public.customer VALUES (' Merna Audus ', ' maudus6l ', ' ysJgbB ', ' R - 238 ');
INSERT INTO public.customer VALUES (' Skylar Van Dijk ', ' svan6m ', ' 67uEwgQz0 ', ' R - 239 ');
INSERT INTO public.customer VALUES (' Etheline Lillistone ', ' elillistone6n ', ' dGqzUrlD ', ' R - 240 ');
INSERT INTO public.customer VALUES (' Wilona Marfield ', ' wmarfield6o ', ' iD072pUW9 ', ' R - 241 ');
INSERT INTO public.customer VALUES (' Cindee Egdal ', ' cegdal6p ', ' ijcgjly4 ', ' R - 242 ');
INSERT INTO public.customer VALUES (' Garreth Towersey ', ' gtowersey6q ', ' 6jcEkqDX ', ' R - 243 ');
INSERT INTO public.customer VALUES (' Trumann Challener ', ' tchallener6r ', ' zOkQ9Be3GD ', ' R - 244 ');
INSERT INTO public.customer VALUES (' Morten Ivanshintsev ', ' mivanshintsev6s ', ' 8Hz62GV ', ' R - 245 ');
INSERT INTO public.customer VALUES (' Farrand Nestor ', ' fnestor6t ', ' bnoVtA2e1u ', ' R - 246 ');
INSERT INTO public.customer VALUES (' Antone Tander ', ' atander6u ', ' IXLSI2bhB ', ' R - 247 ');
INSERT INTO public.customer VALUES (' Pren Richie ', ' prichie6v ', ' zzzvtil ', ' R - 248 ');
INSERT INTO public.customer VALUES (' Helga Philcox ', ' hphilcox6w ', ' xcSfjU ', ' R - 249 ');
INSERT INTO public.customer VALUES (' Rosanna McGourty ', ' rmcgourty6x ', ' h7uZhLN ', ' R - 250 ');
INSERT INTO public.customer VALUES (' Alejoa Bunhill ', ' abunhill6y ', ' zlASYNvhiBl7 ', ' R - 251 ');
INSERT INTO public.customer VALUES (' Susann Tigner ', ' stigner6z ', ' 8ItX1e4d ', ' R - 252 ');
INSERT INTO public.customer VALUES (' Rutledge Gynn ', ' rgynn70 ', ' LAmz2xbXWgyw ', ' R - 253 ');
INSERT INTO public.customer VALUES (' Cherilynn Bisseker ', ' cbisseker71 ', ' pgbo3fgi ', ' R - 254 ');
INSERT INTO public.customer VALUES (' Binky Caunce ', ' bcaunce72 ', ' A5Vjo8 ', ' R - 255 ');
INSERT INTO public.customer VALUES (' Cherida Ortells ', ' cortells73 ', ' wbq0lF ', ' R - 256 ');
INSERT INTO public.customer VALUES (' Daveta Dubock ', ' ddubock74 ', ' p5QbwZkhsi ', ' R - 257 ');
INSERT INTO public.customer VALUES (' Tabitha Rentz ', ' trentz75 ', ' 80Tyqi ', ' R - 258 ');
INSERT INTO public.customer VALUES (' Mylo Leopold ', ' mleopold76 ', ' Xp8PlaP56dPH ', ' R - 259 ');
INSERT INTO public.customer VALUES (' Ezechiel Kliner ', ' ekliner77 ', ' MRQZj79xu ', ' R - 260 ');
INSERT INTO public.customer VALUES (' Keir Lilian ', ' klilian78 ', ' wxO9P3UM ', ' R - 261 ');
INSERT INTO public.customer VALUES (' Mirelle Acom ', ' macom79 ', ' riK2InoZ6AN7 ', ' R - 262 ');
INSERT INTO public.customer VALUES (' Pandora Robinette ', ' probinette7a ', ' 2H8PaJL5ZZ7 ', ' R - 263 ');
INSERT INTO public.customer VALUES (' Henrie Tudgay ', ' htudgay7b ', ' 0DI351 ', ' R - 264 ');
INSERT INTO public.customer VALUES (' Gilles Cordeau] ', ' gcordeau7c ', ' R0ccb7N ', ' R - 265 ');
INSERT INTO public.customer VALUES (' Arnie Pinniger ', ' apinniger7d ', ' G5ivzaMVyxQq ', ' R - 266 ');
INSERT INTO public.customer VALUES (' Sky Timperley ', ' stimperley7e ', ' MuY2Zbm9jI ', ' R - 267 ');
INSERT INTO public.customer VALUES (' Milicent Mitton ', ' mmitton7f ', ' ElqNkn5MRx ', ' R - 268 ');
INSERT INTO public.customer VALUES (' Georgette Rea ', ' grea7g ', ' R9L5vKqNs1 ', ' R - 269 ');
INSERT INTO public.customer VALUES (' Garwood Mawditt ', ' gmawditt7h ', ' LfUiMg ', ' R - 270 ');
INSERT INTO public.customer VALUES (' Alika Filov ', ' afilov7i ', ' 9H14XzuT ', ' R - 271 ');
INSERT INTO public.customer VALUES (' Bryant Hannigan ', ' bhannigan7j ', ' yso8BCqA57Gx ', ' R - 272 ');
INSERT INTO public.customer VALUES (' Nial Larmet ', ' nlarmet7k ', ' h4tZB1V ', ' R - 273 ');
INSERT INTO public.customer VALUES (' Pren McShee ', ' pmcshee7l ', ' s5OQu6M5DVxZ ', ' R - 274 ');
INSERT INTO public.customer VALUES (' Livvyy Caslake ', ' lcaslake7m ', ' TZprMOenj ', ' R - 275 ');
INSERT INTO public.customer VALUES (' Janna Cammis ', ' jcammis7n ', ' emHSSD ', ' R - 276 ');
INSERT INTO public.customer VALUES (' Seamus O Clery', 'soclery7o', 'glUfQARWwn', 'R-277');
INSERT INTO public.customer VALUES ('Gaylene Andrey', 'gandrey7p', 'dXdI3v', 'R-278');
INSERT INTO public.customer VALUES ('Dominique Stevens', 'dstevens7q', 'ne5COOV', 'R-279');
INSERT INTO public.customer VALUES ('Kristoforo Jeannequin', 'kjeannequin7r', 'ZtbmDEcKsyXK', 'R-280');
INSERT INTO public.customer VALUES ('Cairistiona Strute', 'cstrute7s', 'YcVBkuSIOTYD', 'R-281');
INSERT INTO public.customer VALUES ('Charlena Baumford', 'cbaumford7t', '7StmZZ', 'R-282');
INSERT INTO public.customer VALUES ('Gussy Shalloe', 'gshalloe7u', 'qY10dbc6Fw', 'R-283');
INSERT INTO public.customer VALUES ('Bent Ordish', 'bordish7v', 'U6EouzaI', 'R-284');
INSERT INTO public.customer VALUES ('Tamarra Alvar', 'talvar7w', 'J4UBLUJti', 'R-285');
INSERT INTO public.customer VALUES ('Wolfgang Tallach', 'wtallach7x', 'XiueYJ5QYz', 'R-286');
INSERT INTO public.customer VALUES ('Valeda Cawthra', 'vcawthra7y', 'T2gnfORaR', 'R-287');
INSERT INTO public.customer VALUES ('Sibbie Westby', 'swestby7z', 'pRSZo73fyV', 'R-288');
INSERT INTO public.customer VALUES ('Adolf Cowling', 'acowling80', 'FMU1stZ4', 'R-289');
INSERT INTO public.customer VALUES ('Sharline Jamieson', 'sjamieson81', 'ZMrehA8C', 'R-290');
INSERT INTO public.customer VALUES ('Astrix Copson', 'acopson82', 'Aca2CAlk', 'R-291');
INSERT INTO public.customer VALUES ('Chane Abdon', 'cabdon83', 'LjgGyi4xMgiz', 'R-292');
INSERT INTO public.customer VALUES ('Normy Corkitt', 'ncorkitt84', 'aNEuNQhdW', 'R-293');
INSERT INTO public.customer VALUES ('Ingrid Dobbison', 'idobbison85', 'rfVkhGZ5Db', 'R-294');
INSERT INTO public.customer VALUES ('Maurise Eborn', 'meborn86', '6T9hJFwUW', 'R-295');
INSERT INTO public.customer VALUES ('Emera Ferraron', 'eferraron87', 'u0JCaMj4umd', 'R-296');
INSERT INTO public.customer VALUES ('Giovanni Whittle', 'gwhittle88', '211MQ35', 'R-297');
INSERT INTO public.customer VALUES ('Harland Bleiman', 'hbleiman89', 'SVzSTNrQtCR', 'R-298');
INSERT INTO public.customer VALUES ('Nessie Brannon', 'nbrannon8a', 'f2Ax63IWx8', 'R-299');
INSERT INTO public.customer VALUES ('Carla Dickie', 'cdickie8b', 'a1MeYwMzA', 'R-300');
INSERT INTO public.customer VALUES ('Freeman Lattin', 'flattin8c', 'nDlxR7u', 'R-301');
INSERT INTO public.customer VALUES ('Carly Hasard', 'chasard8d', 'YjzouylHTJqw', 'R-302');
INSERT INTO public.customer VALUES ('Alasteir Caustic', 'acaustic8e', '1K1VvYqbG', 'R-303');
INSERT INTO public.customer VALUES ('Ivan Noakes', 'inoakes8f', 'caeCyW5y14m', 'R-304');
INSERT INTO public.customer VALUES ('Fitzgerald Renwick', 'frenwick8g', 'TsoF7wzT6WFr', 'R-305');
INSERT INTO public.customer VALUES ('Halley Steinham', 'hsteinham8h', 'GBryyFrRIN', 'R-306');
INSERT INTO public.customer VALUES ('Ileana Goodbur', 'igoodbur8i', '8PbNxVH8q4', 'R-307');
INSERT INTO public.customer VALUES ('Ernest Sandry', 'esandry8j', 'HwMn4EySoY', 'R-308');
INSERT INTO public.customer VALUES ('Joaquin Megarrell', 'jmegarrell8k', 'AAY1kU0zvS', 'R-309');
INSERT INTO public.customer VALUES ('Boonie Wintersgill', 'bwintersgill8l', 'uYI71jekO23', 'R-310');
INSERT INTO public.customer VALUES ('Lorinda Goodbar', 'lgoodbar8m', 'WW3ogDHw', 'R-311');
INSERT INTO public.customer VALUES ('Reuven Kondratovich', 'rkondratovich8n', 'h3NJ0jdcOX', 'R-312');
INSERT INTO public.customer VALUES ('Berrie Wrotham', 'bwrotham8o', 'tjwNA9XZXmLN', 'R-313');
INSERT INTO public.customer VALUES ('Rey Tregidgo', 'rtregidgo8p', 'ruUzig1vfS', 'R-314');
INSERT INTO public.customer VALUES ('Henrie Mantripp', 'hmantripp8q', 'AfFwTUC2gE', 'R-315');
INSERT INTO public.customer VALUES ('Josepha Treadaway', 'jtreadaway8r', 'D1piju1PQYp', 'R-316');
INSERT INTO public.customer VALUES ('Yulma Ousbie', 'yousbie8s', 'vXY80RnSF3', 'R-317');
INSERT INTO public.customer VALUES ('Brande O Dougherty ', ' bodougherty8t ', ' tfOoSMJoNg ', ' R - 318 ');
INSERT INTO public.customer VALUES (' Carling Dixon ', ' cdixon8u ', ' wczN3ruxN ', ' R - 319 ');
INSERT INTO public.customer VALUES (' Bord Matitiaho ', ' bmatitiaho8v ', ' GKoGi2t ', ' R - 320 ');
INSERT INTO public.customer VALUES (' Gabrila Burgott ', ' gburgott8w ', ' vjOqc4eAQ ', ' R - 321 ');
INSERT INTO public.customer VALUES (' Tomi Straneo ', ' tstraneo8x ', ' toTXfCFj ', ' R - 322 ');
INSERT INTO public.customer VALUES (' Homer Hindhaugh ', ' hhindhaugh8y ', ' goejnvxLt ', ' R - 323 ');
INSERT INTO public.customer VALUES (' Mickie Sharville ', ' msharville8z ', ' 9nrW48L ', ' R - 324 ');
INSERT INTO public.customer VALUES (' Aristotle Filshin ', ' afilshin90 ', ' Wg5eTsHx7N6 ', ' R - 325 ');
INSERT INTO public.customer VALUES (' Hilly Goad ', ' hgoad91 ', ' UGZfxG ', ' R - 326 ');
INSERT INTO public.customer VALUES (' Kriste Gronav ', ' kgronav92 ', ' RVufS2EEH ', ' R - 327 ');
INSERT INTO public.customer VALUES (' Ruthann Dearle ', ' rdearle93 ', ' StMcgBOICF2 ', ' R - 328 ');
INSERT INTO public.customer VALUES (' Neill Pavis ', ' npavis94 ', ' x8Gv5oF ', ' R - 329 ');
INSERT INTO public.customer VALUES (' Lawry Allabarton ', ' lallabarton95 ', ' Xc8ARq ', ' R - 330 ');
INSERT INTO public.customer VALUES (' Kessia O Scandall', 'koscandall96', 'NBrmUOCS8df', 'R-331');
INSERT INTO public.customer VALUES ('Mamie Cardus', 'mcardus97', 'WFhsKVibXfI7', 'R-332');
INSERT INTO public.customer VALUES ('Vassili Hulls', 'vhulls98', 'JgKB2v', 'R-333');
INSERT INTO public.customer VALUES ('Prudy Billingham', 'pbillingham99', '42k1JoH', 'R-334');
INSERT INTO public.customer VALUES ('Brew Hallex', 'bhallex9a', 'dJqC0qlSBD6', 'R-335');
INSERT INTO public.customer VALUES ('Corny Doe', 'cdoe9b', 'nHCC0YudtV7u', 'R-336');
INSERT INTO public.customer VALUES ('Lynea Sigars', 'lsigars9c', 'p2spzD9sYMH', 'R-337');
INSERT INTO public.customer VALUES ('Waly O Timony ', ' wo9d ', ' 0pwBLLeK ', ' R - 338 ');
INSERT INTO public.customer VALUES (' Madelina Manueli ', ' mmanueli9e ', ' LCYS7CnHo ', ' R - 339 ');
INSERT INTO public.customer VALUES (' Teodora Pattrick ', ' tpattrick9f ', ' hCzHa7u ', ' R - 340 ');
INSERT INTO public.customer VALUES (' Westbrook Halwood ', ' whalwood9g ', ' YQvCDTBRf1z ', ' R - 341 ');
INSERT INTO public.customer VALUES (' Dasie Golden ', ' dgolden9h ', ' ASLItnTpW ', ' R - 342 ');
INSERT INTO public.customer VALUES (' Dorelia Birkwood ', ' dbirkwood9i ', ' 7aI4prt28j ', ' R - 343 ');
INSERT INTO public.customer VALUES (' Erich Bennell ', ' ebennell9j ', ' 8xCzrvG19j ', ' R - 344 ');
INSERT INTO public.customer VALUES (' Kit Bankhurst ', ' kbankhurst9k ', ' zkqT5TrRk ', ' R - 345 ');
INSERT INTO public.customer VALUES (' Cyb Ivy ', ' civy9l ', ' XBTxQzgL ', ' R - 346 ');
INSERT INTO public.customer VALUES (' Enrika Smeuin ', ' esmeuin9m ', ' s43e7hvWS ', ' R - 347 ');
INSERT INTO public.customer VALUES (' Jemie Yoxall ', ' jyoxall9n ', ' gKzRCq ', ' R - 348 ');
INSERT INTO public.customer VALUES (' Luke Mcasparan ', ' lmcasparan9o ', ' 3r9BEvImea5 ', ' R - 349 ');
INSERT INTO public.customer VALUES (' Adeline Catherick ', ' acatherick9p ', ' kIJTKNLXS ', ' R - 350 ');
INSERT INTO public.customer VALUES (' Raffaello FitzGilbert ', ' rfitzgilbert9q ', ' mdRUCpdf ', ' R - 351 ');
INSERT INTO public.customer VALUES (' Lorne Bereford ', ' lbereford9r ', ' iXYggj ', ' R - 352 ');
INSERT INTO public.customer VALUES (' Ceciley Clyant ', ' cclyant9s ', ' 7N3QuWh0FL ', ' R - 353 ');
INSERT INTO public.customer VALUES (' Wallie Gorvette ', ' wgorvette9t ', ' eZWLMFeTqppj ', ' R - 354 ');
INSERT INTO public.customer VALUES (' Rebeca Lahive ', ' rlahive9u ', ' EPc1uahwQyu ', ' R - 355 ');
INSERT INTO public.customer VALUES (' Sly Boundy ', ' sboundy9v ', ' 98egjWLjOHt ', ' R - 356 ');
INSERT INTO public.customer VALUES (' August Frenzel;
', ' afrenzel9w ', ' 7xwAmY4JH ', ' R - 357 ');
INSERT INTO public.customer VALUES (' Rosalinda Jimson ', ' rjimson9x ', ' HvAe4OO7i ', ' R - 358 ');
INSERT INTO public.customer VALUES (' Marshall Maslin ', ' mmaslin9y ', ' Nwec7HyFsM ', ' R - 359 ');
INSERT INTO public.customer VALUES (' Demetra Jencken ', ' djencken9z ', ' bUdYe9brVPR ', ' R - 360 ');
INSERT INTO public.customer VALUES (' Rich Larking ', ' rlarkinga0 ', ' DOo2l57cxE0s ', ' R - 361 ');
INSERT INTO public.customer VALUES (' Sydney Awin ', ' sawina1 ', ' uvVCoJMg3J ', ' R - 362 ');
INSERT INTO public.customer VALUES (' Rosemarie Winspeare ', ' rwinspearea2 ', ' wLegHS0uE ', ' R - 363 ');
INSERT INTO public.customer VALUES (' Brannon Mandrake ', ' bmandrakea3 ', ' inwdYCX616 ', ' R - 364 ');
INSERT INTO public.customer VALUES (' Giralda Varsey ', ' gvarseya4 ', ' shJl2ybC ', ' R - 365 ');
INSERT INTO public.customer VALUES (' Jerry Earl ', ' jearla5 ', ' fuGycY ', ' R - 366 ');
INSERT INTO public.customer VALUES (' Lezlie Jacquemy ', ' ljacquemya6 ', ' iLwS6lIgCXHl ', ' R - 367 ');
INSERT INTO public.customer VALUES (' Daria Turone ', ' dturonea7 ', ' pOjQ1x6Uw ', ' R - 368 ');
INSERT INTO public.customer VALUES (' Shirline McBryde ', ' smcbrydea8 ', ' kFaIK7aZ0 ', ' R - 369 ');
INSERT INTO public.customer VALUES (' Gilberte O Kieran', 'gokierana9', 'hGL5Tgw', 'R-370');
INSERT INTO public.customer VALUES ('Cosette Maven', 'cmavenaa', 'U7pvNJ', 'R-371');
INSERT INTO public.customer VALUES ('Jean Berresford', 'jberresfordab', 'NyqZrwvI', 'R-372');
INSERT INTO public.customer VALUES ('Bunny Glazer', 'bglazerac', '6FlosyyL9gp', 'R-373');
INSERT INTO public.customer VALUES ('Avram Bundy', 'abundyad', 'BehkH2', 'R-374');
INSERT INTO public.customer VALUES ('Deanna Veivers', 'dveiversae', 'WCrvuwGAFYa', 'R-375');
INSERT INTO public.customer VALUES ('Timmie Brandt', 'tbrandtaf', 'gLjQoXhe2V', 'R-376');
INSERT INTO public.customer VALUES ('Dina Heinemann', 'dheinemannag', '5yQsnF', 'R-377');
INSERT INTO public.customer VALUES ('Ambrosi Robertet', 'arobertetah', 'Tb8VAI', 'R-378');
INSERT INTO public.customer VALUES ('Toby Bowle', 'tbowleai', 'acVMJ3XCQ', 'R-379');
INSERT INTO public.customer VALUES ('Nike Malden', 'nmaldenaj', '8hTKKFK7c', 'R-380');
INSERT INTO public.customer VALUES ('Katee Vlies', 'kvliesak', 'asSQSNOf', 'R-381');
INSERT INTO public.customer VALUES ('Tamarra Vasilov', 'tvasiloval', 'WPeRl0vId', 'R-382');
INSERT INTO public.customer VALUES ('Phil Mertin', 'pmertinam', 'Bi7W0c96XxU', 'R-383');
INSERT INTO public.customer VALUES ('Barret Overland', 'boverlandan', 'sICPIYLUT', 'R-384');
INSERT INTO public.customer VALUES ('Pooh Brocklehurst', 'pbrocklehurstao', 'vcExx1o', 'R-385');
INSERT INTO public.customer VALUES ('Karisa Joy', 'kjoyap', 'Ldl956q', 'R-386');
INSERT INTO public.customer VALUES ('Julius Bampforth', 'jbampforthaq', 'fGMc66Lr3', 'R-387');
INSERT INTO public.customer VALUES ('Millard Crowley', 'mcrowleyar', '1kpAQAb0RGL3', 'R-388');
INSERT INTO public.customer VALUES ('Mead Wynett', 'mwynettas', '4Nm1RrMo8JsA', 'R-389');
INSERT INTO public.customer VALUES ('Dulcinea Donegan', 'ddoneganat', 'lgZvEdlhu', 'R-390');
INSERT INTO public.customer VALUES ('Robers Eccleston', 'recclestonau', 'RopF14TY9n', 'R-391');
INSERT INTO public.customer VALUES ('Massimiliano Squier', 'msquierav', 'iYuJFc8D', 'R-392');
INSERT INTO public.customer VALUES ('Adrian Heindl', 'aheindlaw', 'JHd6SCH1nR', 'R-393');
INSERT INTO public.customer VALUES ('Georg Whordley', 'gwhordleyax', 'DPuaT4x06xum', 'R-394');
INSERT INTO public.customer VALUES ('Irwinn Wanek', 'iwanekay', 'Op2Cu5xiv', 'R-395');
INSERT INTO public.customer VALUES ('Claudelle Faireclough', 'cfairecloughaz', 'UDt3so', 'R-396');
INSERT INTO public.customer VALUES ('Gilbertine De Coursey', 'gdeb0', 'MyeKLe0QIc1', 'R-397');
INSERT INTO public.customer VALUES ('Auria Giannasi', 'agiannasib1', 'u8dpfD', 'R-398');
INSERT INTO public.customer VALUES ('Gwenette Togwell', 'gtogwellb2', 'RelBPj6', 'R-399');
INSERT INTO public.customer VALUES ('Dixie McMurthy', 'dmcmurthyb3', 'Kf3AYg', 'R-400');
INSERT INTO public.customer VALUES ('Adriane Sandwich', 'asandwichb4', 'czFmbr7EnAeW', 'R-401');
INSERT INTO public.customer VALUES ('Diahann Dutchburn', 'ddutchburnb5', 'DmI1k0xozLh', 'R-402');
INSERT INTO public.customer VALUES ('Alphonse Coetzee', 'acoetzeeb6', '5k3GUk', 'R-403');
INSERT INTO public.customer VALUES ('Rosemonde Birkenhead', 'rbirkenheadb7', '9pKakhAPQFxl', 'R-404');
INSERT INTO public.customer VALUES ('Micky Danbye', 'mdanbyeb8', 'kXlFrcFwB', 'R-405');
INSERT INTO public.customer VALUES ('Nicoli Tighe', 'ntigheb9', '5vrixqfPhJW', 'R-406');
INSERT INTO public.customer VALUES ('Wolf Chene', 'wcheneba', 'v9pIEZmk', 'R-407');
INSERT INTO public.customer VALUES ('Bathsheba Battrick', 'bbattrickbb', 'NKpDGruuFBu3', 'R-408');
INSERT INTO public.customer VALUES ('Terry Brunsdon', 'tbrunsdonbc', 'ZaoF7mIAP', 'R-409');
INSERT INTO public.customer VALUES ('Justin Kenninghan', 'jkenninghanbd', 'XBdJoxqNQsg', 'R-410');
INSERT INTO public.customer VALUES ('Sheridan Treby', 'strebybe', 'Qt8EWlgBdez', 'R-411');
INSERT INTO public.customer VALUES ('Bartholemy Drakes', 'bdrakesbf', 'hJCbecN86', 'R-412');
INSERT INTO public.customer VALUES ('Kati Varns', 'kvarnsbg', 'r1fOTi6OW1', 'R-413');
INSERT INTO public.customer VALUES ('Rozalie Farlam', 'rfarlambh', 'h1u07qajYzYD', 'R-414');
INSERT INTO public.customer VALUES ('Reg Flew', 'rflewbi', 'AtJgY5dE2hUK', 'R-415');
INSERT INTO public.customer VALUES ('Chad Fleetwood', 'cfleetwoodbj', 'B5zqMfNHv', 'R-416');
INSERT INTO public.customer VALUES ('Chiquita Newlin', 'cnewlinbk', 'QHtySD6v', 'R-417');
INSERT INTO public.customer VALUES ('Sol Swanne', 'sswannebl', 'qLLQfYMRBHW', 'R-418');
INSERT INTO public.customer VALUES ('Appolonia Bumby', 'abumbybm', '2OzziqL', 'R-419');
INSERT INTO public.customer VALUES ('Rock Pawlett', 'rpawlettbn', 'jcdqWpdq', 'R-420');
INSERT INTO public.customer VALUES ('See Waszkiewicz', 'swaszkiewiczbo', 'Cr5fMHuh', 'R-421');
INSERT INTO public.customer VALUES ('Abigale Hawkings', 'ahawkingsbp', '0nIJNMwUhxO', 'R-422');
INSERT INTO public.customer VALUES ('Carree Smallbone', 'csmallbonebq', '39CySYa7EG', 'R-423');
INSERT INTO public.customer VALUES ('Ailyn Baily', 'abailybr', 'xuAISFWJ7Ri', 'R-424');
INSERT INTO public.customer VALUES ('Frederick Iacobo', 'fiacobobs', 'Opm2iMJlso', 'R-425');
INSERT INTO public.customer VALUES ('Stinky Swatland', 'sswatlandbt', 'w40uYuid0', 'R-426');
INSERT INTO public.customer VALUES ('Earlie Featherston', 'efeatherstonbu', 'P4mpPGC1eA', 'R-427');
INSERT INTO public.customer VALUES ('Benyamin Barrott', 'bbarrottbv', 'BUSCWDx', 'R-428');
INSERT INTO public.customer VALUES ('Sergeant Forsdyke', 'sforsdykebw', 'iVSgeUzDfo', 'R-429');
INSERT INTO public.customer VALUES ('Yettie Hablet', 'yhabletbx', 'kxjlL6j8jTDW', 'R-430');
INSERT INTO public.customer VALUES ('Meridel Lawty', 'mlawtyby', 'BJOYWRH', 'R-431');
INSERT INTO public.customer VALUES ('Rodolphe Tyreman', 'rtyremanbz', '6OtqH3KnZY7I', 'R-432');
INSERT INTO public.customer VALUES ('Justina Wadley', 'jwadleyc0', 'OXgoGgx', 'R-433');
INSERT INTO public.customer VALUES ('Courtney Whiten', 'cwhitenc1', '8EkNooBI', 'R-434');
INSERT INTO public.customer VALUES ('Hilda Billingsley', 'hbillingsleyc2', 'dUTziaKS', 'R-435');
INSERT INTO public.customer VALUES ('Ogdon Newman', 'onewmanc3', 'IOgcuGaO', 'R-436');
INSERT INTO public.customer VALUES ('Val Ivashkin', 'vivashkinc4', 'iUjN8ceqNv', 'R-437');
INSERT INTO public.customer VALUES ('Roma Cherry Holme', 'rcherryc5', 'NHXV55KO98p', 'R-438');
INSERT INTO public.customer VALUES ('Walliw Landrean', 'wlandreanc6', 'jCxpkiawR', 'R-439');
INSERT INTO public.customer VALUES ('Teresita Milesap', 'tmilesapc7', 'kEGCaCmAj', 'R-440');
INSERT INTO public.customer VALUES ('Lula Upton', 'luptonc8', 'DHwUMUXVDmnW', 'R-441');
INSERT INTO public.customer VALUES ('Andie Robottom', 'arobottomc9', 'MaNSv5laNa', 'R-442');
INSERT INTO public.customer VALUES ('Alane Ruspine', 'aruspineca', '7RgKFNTRv3d3', 'R-443');
INSERT INTO public.customer VALUES ('Noll Habble', 'nhabblecb', 'u8qNInod7', 'R-444');
INSERT INTO public.customer VALUES ('Kevin Heeps', 'kheepscc', 'FYxoQzYo6', 'R-445');
INSERT INTO public.customer VALUES ('Nicholle Bountiff', 'nbountiffcd', '5yuO8w', 'R-446');
INSERT INTO public.customer VALUES ('Jennee Jaggar', 'jjaggarce', 'QxzcxAzw', 'R-447');
INSERT INTO public.customer VALUES ('Marlee Staniforth', 'mstaniforthcf', 'mJkqOfC9', 'R-448');
INSERT INTO public.customer VALUES ('Angel Crane', 'acranecg', '2zIdlZx1vp9', 'R-449');
INSERT INTO public.customer VALUES ('Arvin Cleynaert', 'acleynaertch', 'IejPqQJ1H', 'R-450');
INSERT INTO public.customer VALUES ('Eda Freezor', 'efreezorci', 'uzF30LQxd', 'R-451');
INSERT INTO public.customer VALUES ('Obediah Eddies', 'oeddiescj', 'SCx0UdDLLbZw', 'R-452');
INSERT INTO public.customer VALUES ('Catrina Cobon', 'ccobonck', 'kpHgPY', 'R-453');
INSERT INTO public.customer VALUES ('Reynold Haggerty', 'rhaggertycl', 'sp8kthpVzh5Z', 'R-454');
INSERT INTO public.customer VALUES ('Howie Fadian', 'hfadiancm', 'fiTfcXqfwW', 'R-455');
INSERT INTO public.customer VALUES ('Gerrard Josham', 'gjoshamcn', 'hoXl3P', 'R-456');
INSERT INTO public.customer VALUES ('Weider Ramshaw', 'wramshawco', 'IlJFO5NT9Mf', 'R-457');
INSERT INTO public.customer VALUES ('Xylina Rizzardi', 'xrizzardicp', 'reREHh0jO4S', 'R-458');
INSERT INTO public.customer VALUES ('Evita Penhall', 'epenhallcq', 'sSWQWNI', 'R-459');
INSERT INTO public.customer VALUES ('Witty Blaw', 'wblawcr', 'hVLKUX', 'R-460');
INSERT INTO public.customer VALUES ('Jeri Ellinor', 'jellinorcs', 'iky0Bwo', 'R-461');
INSERT INTO public.customer VALUES ('Trina Wermerling', 'twermerlingct', 'lqX3g3E', 'R-462');
INSERT INTO public.customer VALUES ('Corbet Lagen', 'clagencu', '6hOerPxY7', 'R-463');
INSERT INTO public.customer VALUES ('Haven Borres', 'hborrescv', 'eQDwnIHVeten', 'R-464');
INSERT INTO public.customer VALUES ('Karna Saffer', 'ksaffercw', 'aDfDk4v', 'R-465');
INSERT INTO public.customer VALUES ('Ezekiel Callam', 'ecallamcx', 'ZmHcpKLv', 'R-466');
INSERT INTO public.customer VALUES ('Charlton Kroon', 'ckrooncy', 'jYEHEhq6D', 'R-467');
INSERT INTO public.customer VALUES ('Junina Moryson', 'jmorysoncz', 'S1cgyuTFbj', 'R-468');
INSERT INTO public.customer VALUES ('Ralph Hele', 'rheled0', '8Ye9nZc2FFY', 'R-469');
INSERT INTO public.customer VALUES ('Eirena Cottell', 'ecottelld1', 'mtEZf5M2Th', 'R-470');
INSERT INTO public.customer VALUES ('Alphard Sains', 'asainsd2', '6G90atMBHsSW', 'R-471');
INSERT INTO public.customer VALUES ('Ludvig Westley', 'lwestleyd3', 'av2vruT', 'R-472');
INSERT INTO public.customer VALUES ('Brig Jayne', 'bjayned4', 'rT3fd2pE', 'R-473');
INSERT INTO public.customer VALUES ('Monah Guilliland', 'mguillilandd5', 'mtRbCZmGb', 'R-474');
INSERT INTO public.customer VALUES ('Eal Smeeth', 'esmeethd6', 'qq3OJLq5mR', 'R-475');
INSERT INTO public.customer VALUES ('Cilka Marshal', 'cmarshald7', 'YtJg8O8Wv7', 'R-476');
INSERT INTO public.customer VALUES ('Erny Woolley', 'ewoolleyd8', 'XtUTxZHNO', 'R-477');
INSERT INTO public.customer VALUES ('Chere Sanches', 'csanchesd9', '23cEvU', 'R-478');
INSERT INTO public.customer VALUES ('Samuele Penwright', 'spenwrightda', 'DQerSJvayoFz', 'R-479');
INSERT INTO public.customer VALUES ('Becka Laver', 'blaverdb', 'f1eFitKY', 'R-480');
INSERT INTO public.customer VALUES ('Hailey O Meara ', ' hodc ', ' lKruoQwkX ', ' R - 481 ');
INSERT INTO public.customer VALUES (' Salomi Dabney ', ' sdabneydd ', ' Hfae8cjhy ', ' R - 482 ');
INSERT INTO public.customer VALUES (' Roseanna Skeats ', ' rskeatsde ', ' IWBMoHMiY ', ' R - 483 ');
INSERT INTO public.customer VALUES (' Evangelia Mariet ', ' emarietdf ', ' VgpjZXX ', ' R - 484 ');
INSERT INTO public.customer VALUES (' Rorie Lough ', ' rloughdg ', ' 6QW44yS3Qx ', ' R - 485 ');
INSERT INTO public.customer VALUES (' Reinhard Skein ', ' rskeindh ', ' g9qaeh ', ' R - 486 ');
INSERT INTO public.customer VALUES (' Desirae Renvoise ', ' drenvoisedi ', ' TgZi2FzvL ', ' R - 487 ');
INSERT INTO public.customer VALUES (' Dianemarie Horder ', ' dhorderdj ', ' Y0bQAawCjK ', ' R - 488 ');
INSERT INTO public.customer VALUES (' Yehudi Benedite ', ' ybeneditedk ', ' d7VYNTen2yC7 ', ' R - 489 ');
INSERT INTO public.customer VALUES (' Jillane Bravery ', ' jbraverydl ', ' 44aWaMYPSYs ', ' R - 490 ');
INSERT INTO public.customer VALUES (' Ulrick Fone ', ' ufonedm ', ' VsM7h5bPz7 ', ' R - 491 ');
INSERT INTO public.customer VALUES (' Desirae Edinburgh ', ' dedinburghdn ', ' xKHaWT ', ' R - 492 ');
INSERT INTO public.customer VALUES (' Fonzie Chittem ', ' fchittemdo ', ' 1G25Gwx56yEL ', ' R - 493 ');
INSERT INTO public.customer VALUES (' Delmer Wardlow ', ' dwardlowdp ', ' 8vQLrXBs9C2 ', ' R - 494 ');
INSERT INTO public.customer VALUES (' Kenon Rickerby ', ' krickerbydq ', ' UIdr2t ', ' R - 495 ');
INSERT INTO public.customer VALUES (' Lemmie Fritchly ', ' lfritchlydr ', ' yAEyNDMnEGU3 ', ' R - 496 ');
INSERT INTO public.customer VALUES (' Meagan Rothery ', ' mrotheryds ', ' gHpR6S8 ', ' R - 497 ');
INSERT INTO public.customer VALUES (' Dre Lamar ', ' dlamardt ', ' vpfIjClZPhA ', ' R - 498 ');
INSERT INTO public.customer VALUES (' Corene Georger ', ' cgeorgerdu ', ' yAIHTDZBn7 ', ' R - 499 ');
INSERT INTO public.customer VALUES (' Bernardo Atwell ', ' batwelldv ', ' I4dZgP ', ' R - 500 ');
INSERT INTO public.customer VALUES (' Verile Clemoes ', ' vclemoesdw ', ' BVeJqG0K ', ' R - 501 ');
INSERT INTO public.customer VALUES (' Borden Lapides ', ' blapidesdx ', ' QKBt2o8InvN ', ' R - 502 ');
INSERT INTO public.customer VALUES (' Ulises Elfes ', ' uelfesdy ', ' VRjL3aJlF ', ' R - 503 ');
INSERT INTO public.customer VALUES (' Amory Ayliffe ', ' aayliffedz ', ' 7rNNv9fcKN ', ' R - 504 ');
INSERT INTO public.customer VALUES (' Laurella Sandyford ', ' lsandyforde0 ', ' Yn07DL ', ' R - 505 ');
INSERT INTO public.customer VALUES (' Andee Dombrell ', ' adombrelle1 ', ' xNhRnZ2 ', ' R - 506 ');
INSERT INTO public.customer VALUES (' Hinze Fellnee ', ' hfellneee2 ', ' xmxmvD9Zz ', ' R - 507 ');
INSERT INTO public.customer VALUES (' Ed Slane ', ' eslanee3 ', ' LRqi9s978LZ ', ' R - 508 ');
INSERT INTO public.customer VALUES (' Alane Cordy ', ' acordye4 ', ' fq38kHkXdW6 ', ' R - 509 ');
INSERT INTO public.customer VALUES (' Bea De Roberto ', ' bdee5 ', ' iwfgjoPNcP5J ', ' R - 510 ');
INSERT INTO public.customer VALUES (' Hilda Vandenhoff ', ' hvandenhoffe6 ', ' oclHbfGIvkxi ', ' R - 511 ');
INSERT INTO public.customer VALUES (' Iolanthe Hyne ', ' ihynee7 ', ' JQniDew9w7vb ', ' R - 512 ');
INSERT INTO public.customer VALUES (' Jordain Cruz ', ' jcruze8 ', ' aQSUhz9vX ', ' R - 513 ');
INSERT INTO public.customer VALUES (' Ashli Orritt ', ' aorritte9 ', ' kHlDiaHtL4n3 ', ' R - 514 ');
INSERT INTO public.customer VALUES (' Otes Goodall ', ' ogoodallea ', ' WxQNXuLP ', ' R - 515 ');
INSERT INTO public.customer VALUES (' Hillier Ismirnioglou ', ' hismirniogloueb ', ' 9FqYyzt ', ' R - 516 ');
INSERT INTO public.customer VALUES (' Carolina Macallam ', ' cmacallamec ', ' RJcU0L7fR ', ' R - 517 ');
INSERT INTO public.customer VALUES (' Worthy Almak ', ' walmaked ', ' BJiqw5 ', ' R - 518 ');
INSERT INTO public.customer VALUES (' Waiter Branwhite ', ' wbranwhiteee ', ' lTcmAknjVaf ', ' R - 519 ');
INSERT INTO public.customer VALUES (' Heloise McCowen ', ' hmccowenef ', ' O7wrHQoh1PN ', ' R - 520 ');
INSERT INTO public.customer VALUES (' Aila Sighard ', ' asighardeg ', ' jpBL5qmuB8vf ', ' R - 521 ');
INSERT INTO public.customer VALUES (' Colene Nipper ', ' cnippereh ', ' nSNDxDGbS ', ' R - 522 ');
INSERT INTO public.customer VALUES (' Karee Dubble ', ' kdubbleei ', ' 94EdGpxKGr ', ' R - 523 ');
INSERT INTO public.customer VALUES (' Sephira Strank ', ' sstrankej ', ' OxTqKqVsljps ', ' R - 524 ');
INSERT INTO public.customer VALUES (' Amitie Zylbermann ', ' azylbermannek ', ' tgcofJoSm ', ' R - 525 ');
INSERT INTO public.customer VALUES (' Ross Filewood ', ' rfilewoodel ', ' GHoERKn ', ' R - 526 ');
INSERT INTO public.customer VALUES (' Tobiah Calcut ', ' tcalcutem ', ' 8UwQPhxnsOs ', ' R - 527 ');
INSERT INTO public.customer VALUES (' Aleta Flament ', ' aflamenten ', ' Qml98YP5D ', ' R - 528 ');
INSERT INTO public.customer VALUES (' Othilie Penvarden ', ' openvardeneo ', ' Dnp683todMrC ', ' R - 529 ');
INSERT INTO public.customer VALUES (' Gloria Beneix ', ' gbeneixep ', ' WrHgQFcUlOdl ', ' R - 530 ');
INSERT INTO public.customer VALUES (' Benjy Gymlett ', ' bgymletteq ', ' 6qAzGUAe ', ' R - 531 ');
INSERT INTO public.customer VALUES (' Eula Vearncomb ', ' evearncomber ', ' nl2BbjPVuLc4 ', ' R - 532 ');
INSERT INTO public.customer VALUES (' Wes Tennet ', ' wtennetes ', ' gEYr98nnsoI ', ' R - 533 ');
INSERT INTO public.customer VALUES (' Sherry Dungay ', ' sdungayet ', ' Lm6hDZgtHEM ', ' R - 534 ');
INSERT INTO public.customer VALUES (' Renie Huckstepp ', ' rhucksteppeu ', ' IuoGoq ', ' R - 535 ');
INSERT INTO public.customer VALUES (' Nadine Lorincz ', ' nlorinczev ', ' xs4LjizGpWcw ', ' R - 536 ');
INSERT INTO public.customer VALUES (' Kelwin MacMeeking ', ' kmacmeekingew ', ' POZMZW ', ' R - 537 ');
INSERT INTO public.customer VALUES (' Clementia Nancekivell ', ' cnancekivellex ', ' MpOwdJQdf2 ', ' R - 538 ');
INSERT INTO public.customer VALUES (' Pacorro Haberjam ', ' phaberjamey ', ' QTbCtbuOvsd ', ' R - 539 ');
INSERT INTO public.customer VALUES (' Elayne Craisford ', ' ecraisfordez ', ' hC5YUZ ', ' R - 540 ');
INSERT INTO public.customer VALUES (' Randall Cocklie ', ' rcocklief0 ', ' C1d9yM6rEel ', ' R - 541 ');
INSERT INTO public.customer VALUES (' Wilbur Grassi ', ' wgrassif1 ', ' pM8OXv ', ' R - 542 ');
INSERT INTO public.customer VALUES (' Redford Bazelle ', ' rbazellef2 ', ' 8QagwKY ', ' R - 543 ');
INSERT INTO public.customer VALUES (' Jeromy Joules ', ' jjoulesf3 ', ' BTf5OFN ', ' R - 544 ');
INSERT INTO public.customer VALUES (' Torey Simyson ', ' tsimysonf4 ', ' oV6UIn5lTxK ', ' R - 545 ');
INSERT INTO public.customer VALUES (' Wendell Plampin ', ' wplampinf5 ', ' HMDYTPQ ', ' R - 546 ');
INSERT INTO public.customer VALUES (' Cindelyn Serfati ', ' cserfatif6 ', ' EnitXE6c ', ' R - 547 ');
INSERT INTO public.customer VALUES (' Esra Mapston ', ' emapstonf7 ', ' hWELueDmSqW ', ' R - 548 ');
INSERT INTO public.customer VALUES (' Erhard Maltster ', ' emaltsterf8 ', ' fRe8mRw37 ', ' R - 549 ');
INSERT INTO public.customer VALUES (' Barb Bernaert ', ' bbernaertf9 ', ' szpNPGf ', ' R - 550 ');
INSERT INTO public.customer VALUES (' Fenelia Sand ', ' fsandfa ', ' 5zDgJiRNVsq ', ' R - 551 ');
INSERT INTO public.customer VALUES (' Lind Giannini ', ' lgianninifb ', ' X3qDF1DoUERl ', ' R - 552 ');
INSERT INTO public.customer VALUES (' Rockwell Mitkcov ', ' rmitkcovfc ', ' DaDcG4 ', ' R - 553 ');
INSERT INTO public.customer VALUES (' Eleonore Kohneke ', ' ekohnekefd ', ' NUb5xq ', ' R - 554 ');
INSERT INTO public.customer VALUES (' Elias Walkingshaw ', ' ewalkingshawfe ', ' iyAmrd ', ' R - 555 ');
INSERT INTO public.customer VALUES (' Worth McIlvenny ', ' wmcilvennyff ', ' 7Rg81Ajot ', ' R - 556 ');
INSERT INTO public.customer VALUES (' Norman Conibeer ', ' nconibeerfg ', ' 7oStstc ', ' R - 557 ');
INSERT INTO public.customer VALUES (' Greggory Ewins ', ' gewinsfh ', ' mS1u1gNE1n ', ' R - 558 ');
INSERT INTO public.customer VALUES (' Corbett Kordes ', ' ckordesfi ', ' xrGnCzwdMY ', ' R - 559 ');
INSERT INTO public.customer VALUES (' Stephannie Janeczek ', ' sjaneczekfj ', ' foHSbWJIW ', ' R - 560 ');
INSERT INTO public.customer VALUES (' Selene Lamb - shine ', ' slambshinefk ', ' HaAApIG0 ', ' R - 561 ');
INSERT INTO public.customer VALUES (' Amandi Graber ', ' agraberfl ', ' beqhTqAE1Whc ', ' R - 562 ');
INSERT INTO public.customer VALUES (' Dorian Le Port ', ' dlefm ', ' v5fsmTdG ', ' R - 563 ');
INSERT INTO public.customer VALUES (' Hillery Le Grove ', ' hlefn ', ' 3vo4mHvTa3o ', ' R - 564 ');
INSERT INTO public.customer VALUES (' Ezekiel Sego ', ' esegofo ', ' F1Jxu7VEISA ', ' R - 565 ');
INSERT INTO public.customer VALUES (' Truman Perfect ', ' tperfectfp ', ' mJcKwXsKs ', ' R - 566 ');
INSERT INTO public.customer VALUES (' Zollie Derle ', ' zderlefq ', ' iZ7KGtM ', ' R - 567 ');
INSERT INTO public.customer VALUES (' Arleta Hullett ', ' ahullettfr ', ' h3uGbJ1xyWL ', ' R - 568 ');
INSERT INTO public.customer VALUES (' Franchot Jenkins ', ' fjenkinsfs ', ' kCndrme ', ' R - 569 ');
INSERT INTO public.customer VALUES (' Gwyn Pettersen ', ' gpettersenft ', ' 4hU8CW ', ' R - 570 ');
INSERT INTO public.customer VALUES (' Petronille Gillow ', ' pgillowfu ', ' rrqSrm9arDL ', ' R - 571 ');
INSERT INTO public.customer VALUES (' Judas Oxteby ', ' joxtebyfv ', ' YRkQtlSTYf ', ' R - 572 ');
INSERT INTO public.customer VALUES (' Cecil Gergler ', ' cgerglerfw ', ' 8UBetIMXz ', ' R - 573 ');
INSERT INTO public.customer VALUES (' Maggy Clemenceau ', ' mclemenceaufx ', ' TDW72Yf2y ', ' R - 574 ');
INSERT INTO public.customer VALUES (' Olag Enser ', ' oenserfy ', ' M8pbH7 ', ' R - 575 ');
INSERT INTO public.customer VALUES (' Ricoriki Swayne ', ' rswaynefz ', ' yCgEfnu5TE ', ' R - 576 ');
INSERT INTO public.customer VALUES (' Ryun Feige ', ' rfeigeg0 ', ' kSnOKUZn ', ' R - 577 ');
INSERT INTO public.customer VALUES (' Tricia Urquhart ', ' turquhartg1 ', ' 34Wp01q ', ' R - 578 ');
INSERT INTO public.customer VALUES (' Erastus Dalmon ', ' edalmong2 ', ' RMLCLUcBt1 ', ' R - 579 ');
INSERT INTO public.customer VALUES (' Gradey Penman ', ' gpenmang3 ', ' jbhC2UTR ', ' R - 580 ');
INSERT INTO public.customer VALUES (' Barnabe Paoli ', ' bpaolig4 ', ' 8asS6JksI ', ' R - 581 ');
INSERT INTO public.customer VALUES (' Clive Lerigo ', ' clerigog5 ', ' WVyaJc ', ' R - 582 ');
INSERT INTO public.customer VALUES (' Tailor Barkus ', ' tbarkusg6 ', ' Q9pamF ', ' R - 583 ');
INSERT INTO public.customer VALUES (' Alyosha Tenant ', ' atenantg7 ', ' rTLulBOLy ', ' R - 584 ');
INSERT INTO public.customer VALUES (' Billi Vanetti ', ' bvanettig8 ', ' 2mzJPRkdizvC ', ' R - 585 ');
INSERT INTO public.customer VALUES (' Fletcher Brittle ', ' fbrittleg9 ', ' sm68uyvrYEAn ', ' R - 586 ');
INSERT INTO public.customer VALUES (' Maurie McKinnell ', ' mmckinnellga ', ' sforbYZ9M6 ', ' R - 587 ');
INSERT INTO public.customer VALUES (' Cyrillus Gierth ', ' cgierthgb ', ' DP7Ocj1 ', ' R - 588 ');
INSERT INTO public.customer VALUES (' Fidela Olyonov ', ' folyonovgc ', ' LjPnzo ', ' R - 589 ');
INSERT INTO public.customer VALUES (' Marena Strippling ', ' mstripplinggd ', ' 2HdGhK ', ' R - 590 ');
INSERT INTO public.customer VALUES (' Frieda Hembling ', ' fhemblingge ', ' xhC9Ivd ', ' R - 591 ');
INSERT INTO public.customer VALUES (' Milt Meadway ', ' mmeadwaygf ', ' Bw6nNbPU ', ' R - 592 ');
INSERT INTO public.customer VALUES (' Marigold Rigden ', ' mrigdengg ', ' iQJNJxEZHE0 ', ' R - 593 ');
INSERT INTO public.customer VALUES (' Tobi Pridding ', ' tpriddinggh ', ' c5DiQ7 ', ' R - 594 ');
INSERT INTO public.customer VALUES (' Deb Gilli ', ' dgilligi ', ' j5qvu4J ', ' R - 595 ');
INSERT INTO public.customer VALUES (' Nancey Muldownie ', ' nmuldowniegj ', ' ThdiW1a ', ' R - 596 ');
INSERT INTO public.customer VALUES (' Pietra Ible ', ' piblegk ', ' vIFepiUj5 ', ' R - 597 ');
INSERT INTO public.customer VALUES (' Jacquelyn Hurche ', ' jhurchegl ', ' VeWdC6VqT5G ', ' R - 598 ');
INSERT INTO public.customer VALUES (' Colver Kringe ', ' ckringegm ', ' LWkIEVPVcwK ', ' R - 599 ');
INSERT INTO public.customer VALUES (' Christi Witterick ', ' cwitterickgn ', ' NeG5kDU8bIYR ', ' R - 600 ');
INSERT INTO public.customer VALUES (' Lin Duggon ', ' lduggongo ', ' k8XGjJHH ', ' R - 601 ');
INSERT INTO public.customer VALUES (' Devondra Rabidge ', ' drabidgegp ', ' nWPzHly ', ' R - 602 ');
INSERT INTO public.customer VALUES (' Charleen Betjeman ', ' cbetjemangq ', ' eYTvZi9iF0 ', ' R - 603 ');
INSERT INTO public.customer VALUES (' Letitia Larwell ', ' llarwellgr ', ' OSG7Xv ', ' R - 604 ');
INSERT INTO public.customer VALUES (' Brockie Lippiett ', ' blippiettgs ', ' M2wMvJ ', ' R - 605 ');
INSERT INTO public.customer VALUES (' Casar Thecham ', ' cthechamgt ', ' hTWJDRdq ', ' R - 606 ');
INSERT INTO public.customer VALUES (' Inness Sandifer ', ' isandifergu ', ' HIlesa ', ' R - 607 ');
INSERT INTO public.customer VALUES (' Coreen O Sharkey', 'cosharkeygv', '78iYVjcFtP', 'R-608');
INSERT INTO public.customer VALUES ('Rich Winger', 'rwingergw', 'mZxdcVKXkILH', 'R-609');
INSERT INTO public.customer VALUES ('Sibylla Skirrow', 'sskirrowgx', 'upIhfbIAQ', 'R-610');
INSERT INTO public.customer VALUES ('Tobit Biever', 'tbievergy', 'WzmgPgW3tg', 'R-611');
INSERT INTO public.customer VALUES ('Rose Shipley', 'rshipleygz', '8euvm6X0jo', 'R-612');
INSERT INTO public.customer VALUES ('Carlin Hempshall', 'chempshallh0', '916g8YsXTZRV', 'R-613');
INSERT INTO public.customer VALUES ('Jayne Inderwick', 'jinderwickh1', 'e2gTgU', 'R-614');
INSERT INTO public.customer VALUES ('Kira Reyner', 'kreynerh2', 'dKrJOS', 'R-615');
INSERT INTO public.customer VALUES ('Lucita Farlham', 'lfarlhamh3', 'K9rUbkdpM', 'R-616');
INSERT INTO public.customer VALUES ('Allie Pittoli', 'apittolih4', 'g0E9NPX1gR2', 'R-617');
INSERT INTO public.customer VALUES ('Melessa Leschelle', 'mleschelleh5', 'twhWEpeY', 'R-618');
INSERT INTO public.customer VALUES ('Blondell Acton', 'bactonh6', 'tZIuhpCjWG', 'R-619');
INSERT INTO public.customer VALUES ('Orlando Stollhofer', 'ostollhoferh7', 'jPNdm7Emtz', 'R-620');
INSERT INTO public.customer VALUES ('Glen Langstrath', 'glangstrathh8', 'EfOoB0', 'R-621');
INSERT INTO public.customer VALUES ('Marjory April', 'maprilh9', 'HEntddDX0pn', 'R-622');
INSERT INTO public.customer VALUES ('Cly Hattoe', 'chattoeha', 'tjusMtv7Y15i', 'R-623');
INSERT INTO public.customer VALUES ('Aprilette Lung', 'alunghb', 'UUEuP77wt69', 'R-624');
INSERT INTO public.customer VALUES ('Jacinta Davydkov', 'jdavydkovhc', '5eqwPZgzP', 'R-625');
INSERT INTO public.customer VALUES ('Sargent Riddell', 'sriddellhd', 'RLitPMd', 'R-626');
INSERT INTO public.customer VALUES ('Hannah Beauman', 'hbeaumanhe', 'nCrZw87', 'R-627');
INSERT INTO public.customer VALUES ('Sherri Crathern', 'scrathernhf', 'Dr4AqnP', 'R-628');
INSERT INTO public.customer VALUES ('Maribeth Tofts', 'mtoftshg', '40uT6FMbS', 'R-629');
INSERT INTO public.customer VALUES ('De witt Corbert', 'dwitthh', '4FsiIu', 'R-630');
INSERT INTO public.customer VALUES ('Quintina Rimbault', 'qrimbaulthi', 'VgQohO6Cw', 'R-631');
INSERT INTO public.customer VALUES ('Melisa Evensden', 'mevensdenhj', 'lvcxZhJ', 'R-632');
INSERT INTO public.customer VALUES ('Blaine Dumini', 'bduminihk', 'XBWs6mKkpqS', 'R-633');
INSERT INTO public.customer VALUES ('Johny Grieger', 'jgriegerhl', 'GWtSHXbID8', 'R-634');
INSERT INTO public.customer VALUES ('Tally Hardwicke', 'thardwickehm', '0fXWTyTRS0S', 'R-635');
INSERT INTO public.customer VALUES ('Giacobo Battye', 'gbattyehn', 'oNxOgX', 'R-636');
INSERT INTO public.customer VALUES ('Brett Coneron', 'bconeronho', 'AhfFwN1WMv6', 'R-637');
INSERT INTO public.customer VALUES ('Connor Hothersall', 'chothersallhp', 'WUqmen', 'R-638');
INSERT INTO public.customer VALUES ('Jade Stealey', 'jstealeyhq', '5ZADgJ68eDl8', 'R-639');
INSERT INTO public.customer VALUES ('Shandra Keyes', 'skeyeshr', 'xAa7mn', 'R-640');
INSERT INTO public.customer VALUES ('Puff Cundy', 'pcundyhs', 'ecoKs9XeKhp', 'R-641');
INSERT INTO public.customer VALUES ('Lowell Hacaud', 'lhacaudht', 'CPTpRYl00B', 'R-642');
INSERT INTO public.customer VALUES ('Pollyanna Garric', 'pgarrichu', 'vhRGuQ2yr6qR', 'R-643');
INSERT INTO public.customer VALUES ('David De Malchar', 'ddehv', 'Qj87Ya', 'R-644');
INSERT INTO public.customer VALUES ('Robinia Whyteman', 'rwhytemanhw', 'V2YHTq', 'R-645');
INSERT INTO public.customer VALUES ('Lezlie MacParland', 'lmacparlandhx', 'eT8HqD1BX', 'R-646');
INSERT INTO public.customer VALUES ('Marjorie Monger', 'mmongerhy', 'El7EPJNCFKVo', 'R-647');
INSERT INTO public.customer VALUES ('Lea Garrand', 'lgarrandhz', 'rtrlnQ0bmNd', 'R-648');
INSERT INTO public.customer VALUES ('Pinchas Waye', 'pwayei0', 'xOQWNXN', 'R-649');
INSERT INTO public.customer VALUES ('Britte Petera', 'bpeterai1', 'C5SmXzbAb', 'R-650');
INSERT INTO public.customer VALUES ('Yoshi Albany', 'yalbanyi2', 'DRBKkR', 'R-651');
INSERT INTO public.customer VALUES ('Benetta Dreinan', 'bdreinani3', '4BZLWl9zwFE', 'R-652');
INSERT INTO public.customer VALUES ('Sapphire Searles', 'ssearlesi4', 'wVSzlzd01wK', 'R-653');
INSERT INTO public.customer VALUES ('Lorna Surgenor', 'lsurgenori5', '2VbqSziFuJ', 'R-654');
INSERT INTO public.customer VALUES ('Colline Janczewski', 'cjanczewskii6', 'IgMlzD', 'R-655');
INSERT INTO public.customer VALUES ('Freddy Beceril', 'fbecerili7', 'cqgpWgQUG9y', 'R-656');
INSERT INTO public.customer VALUES ('Brett Moorrud', 'bmoorrudi8', 'mHD6NtTPYm', 'R-657');
INSERT INTO public.customer VALUES ('Marianne holmes', 'mholmesi9', '74aYVb1W', 'R-658');
INSERT INTO public.customer VALUES ('Alanah Freiberg', 'afreibergia', 'SpYigoP0GRyk', 'R-659');
INSERT INTO public.customer VALUES ('Wilmar Bucksey', 'wbuckseyib', 'KWNz5rwa', 'R-660');
INSERT INTO public.customer VALUES ('Judie Bedborough', 'jbedboroughic', 'l6nEIZ', 'R-661');
INSERT INTO public.customer VALUES ('Damiano Goodered', 'dgooderedid', 'GtitNHXvOTD', 'R-662');
INSERT INTO public.customer VALUES ('Friedrich Erwin', 'ferwinie', 'U1lIK3UDHi', 'R-663');
INSERT INTO public.customer VALUES ('Emeline Lamborne', 'elamborneif', 'Kg1amCJG1', 'R-664');
INSERT INTO public.customer VALUES ('Maudie Redmille', 'mredmilleig', 'zokC3S', 'R-665');
INSERT INTO public.customer VALUES ('Janelle Cockroft', 'jcockroftih', 'YkUJsD', 'R-666');
INSERT INTO public.customer VALUES ('Bonni Walling', 'bwallingii', 'Aa2u5f', 'R-667');
INSERT INTO public.customer VALUES ('Rhea Lambird', 'rlambirdij', 'G6GpaD1k9DU', 'R-668');
INSERT INTO public.customer VALUES ('Kaye Zemler', 'kzemlerik', 'SfmeTAXwbH3W', 'R-669');
INSERT INTO public.customer VALUES ('Alec Belcher', 'abelcheril', 'hYGQdi5', 'R-670');
INSERT INTO public.customer VALUES ('Ulick Dummer', 'udummerim', 'cxW8ZmV', 'R-671');
INSERT INTO public.customer VALUES ('Gonzalo Veazey', 'gveazeyin', 'T8KzSObN8', 'R-672');
INSERT INTO public.customer VALUES ('Juieta Franzolini', 'jfranzoliniio', 'IzN3oyL', 'R-673');
INSERT INTO public.customer VALUES ('Barde Jindra', 'bjindraip', '1wFjAKVfBP', 'R-674');
INSERT INTO public.customer VALUES ('Eloisa Sweetnam', 'esweetnamiq', 'M0SZAikkY', 'R-675');
INSERT INTO public.customer VALUES ('Calvin Menco', 'cmencoir', 'sQqD6hgs', 'R-676');
INSERT INTO public.customer VALUES ('Waylan Ewestace', 'wewestaceis', 'ie1TIympiu', 'R-677');
INSERT INTO public.customer VALUES ('Koressa Macey', 'kmaceyit', 'yjaKi5uU2M0R', 'R-678');
INSERT INTO public.customer VALUES ('Lorrin Feldklein', 'lfeldkleiniu', 'kTxsXEdpFf', 'R-679');
INSERT INTO public.customer VALUES ('Heloise McKnish', 'hmcknishiv', 'rB9t9E', 'R-680');
INSERT INTO public.customer VALUES ('Jacklyn Dobbing', 'jdobbingiw', '7PoOJAvwN', 'R-681');
INSERT INTO public.customer VALUES ('Constancia Hardison', 'chardisonix', 'mSKiZTwu2OXQ', 'R-682');
INSERT INTO public.customer VALUES ('Toma Diglin', 'tdigliniy', 'LcxETcb01rV', 'R-683');
INSERT INTO public.customer VALUES ('Marquita Kidds', 'mkiddsiz', 'y6adcrTboHDC', 'R-684');
INSERT INTO public.customer VALUES ('Temp Trahair', 'ttrahairj0', 'yQHNKIz', 'R-685');
INSERT INTO public.customer VALUES ('Juliette Van Halen', 'jvanj1', 'u1LyHA8zLeo', 'R-686');
INSERT INTO public.customer VALUES ('Dacy Warters', 'dwartersj2', '34taZaSEM64', 'R-687');
INSERT INTO public.customer VALUES ('Kelcy Trobey', 'ktrobeyj3', 'yot92N', 'R-688');
INSERT INTO public.customer VALUES ('Clayton Chiswell', 'cchiswellj4', 'boW1U7hoj', 'R-689');
INSERT INTO public.customer VALUES ('Colman Schubbert', 'cschubbertj5', 'dU3FAkW3tth', 'R-690');
INSERT INTO public.customer VALUES ('Sharleen Ludwig', 'sludwigj6', 'HXwtkXObZo1', 'R-691');
INSERT INTO public.customer VALUES ('Garrick Humerstone', 'ghumerstonej7', 'E6VGZy3F1ZP', 'R-692');
INSERT INTO public.customer VALUES ('Emerson Jaksic', 'ejaksicj8', '9stOlU8e', 'R-693');
INSERT INTO public.customer VALUES ('Maison Roland', 'mrolandj9', 'wRKaO4294M3q', 'R-694');
INSERT INTO public.customer VALUES ('Kari Brokenshaw', 'kbrokenshawja', '7WfJSPIXMF', 'R-695');
INSERT INTO public.customer VALUES ('Willard Sanbroke', 'wsanbrokejb', 'J3rcX1EG', 'R-696');
INSERT INTO public.customer VALUES ('Jere Heisman', 'jheismanjc', 'DHZbRWGdQbL', 'R-697');
INSERT INTO public.customer VALUES ('Don Masters', 'dmastersjd', '15q5Am5o4Mc', 'R-698');
INSERT INTO public.customer VALUES ('Drugi McShea', 'dmcsheaje', 'AmYmNCnp', 'R-699');
INSERT INTO public.customer VALUES ('Nero Spendley', 'nspendleyjf', 'f0biUqjXbfQ', 'R-700');
INSERT INTO public.customer VALUES ('Tiffani Dunn', 'tdunnjg', 'JvXPBP0sb', 'R-701');
INSERT INTO public.customer VALUES ('Charmine Bonnefin', 'cbonnefinjh', 'xH0jgeYP1', 'R-702');
INSERT INTO public.customer VALUES ('Loydie Odde', 'loddeji', 'AOLA18N5do', 'R-703');
INSERT INTO public.customer VALUES ('Elmo Rein', 'ereinjj', 'nJoM40AemNzO', 'R-704');
INSERT INTO public.customer VALUES ('Barby Davisson', 'bdavissonjk', '0IN73RN', 'R-705');
INSERT INTO public.customer VALUES ('Bendix Cootes', 'bcootesjl', 'pncq1ta', 'R-706');
INSERT INTO public.customer VALUES ('Gram Koeppke', 'gkoeppkejm', 'PvqcbrFV', 'R-707');
INSERT INTO public.customer VALUES ('Suzi Gasparro', 'sgasparrojn', '2zHWrp', 'R-708');
INSERT INTO public.customer VALUES ('Aleksandr Burge', 'aburgejo', 'mqPVZr', 'R-709');
INSERT INTO public.customer VALUES ('Tessy Retchford', 'tretchfordjp', '6jJIdxiKA', 'R-710');
INSERT INTO public.customer VALUES ('Allen Murdy', 'amurdyjq', '4VCd4X8l7K4X', 'R-711');
INSERT INTO public.customer VALUES ('Sharron Diable', 'sdiablejr', '70dGuLMwGMB', 'R-712');
INSERT INTO public.customer VALUES ('Sybil Adamini', 'sadaminijs', 'd8Vg1B3', 'R-713');
INSERT INTO public.customer VALUES ('Torrey Ashpital', 'tashpitaljt', 'GjgjYzqtaGDi', 'R-714');
INSERT INTO public.customer VALUES ('Darell Limbrick', 'dlimbrickju', 'L8BIgw', 'R-715');
INSERT INTO public.customer VALUES ('Dur Matovic', 'dmatovicjv', 'WLBxRZ', 'R-716');
INSERT INTO public.customer VALUES ('Kellby Girardy', 'kgirardyjw', 'IUI3LoOvLW', 'R-717');
INSERT INTO public.customer VALUES ('Stan Cases', 'scasesjx', '1Jnhtuz', 'R-718');
INSERT INTO public.customer VALUES ('Bab Perrelli', 'bperrellijy', 'fuuHmVnfX', 'R-719');
INSERT INTO public.customer VALUES ('Kaleena Wooton', 'kwootonjz', '0qJ3Gw9aqsj', 'R-720');
INSERT INTO public.customer VALUES ('Zsa zsa Geere', 'zzsak0', 'EXJTFRzUcR', 'R-721');
INSERT INTO public.customer VALUES ('Constanta Rudsdell', 'crudsdellk1', 'O3vERMyfwph', 'R-722');
INSERT INTO public.customer VALUES ('Hamel Bentzen', 'hbentzenk2', 'GLI7D1Mrp8R9', 'R-723');
INSERT INTO public.customer VALUES ('Isac Eede', 'ieedek3', 'adec4aFB9ilM', 'R-724');
INSERT INTO public.customer VALUES ('Heidi Adolthine', 'hadolthinek4', '190Yqw22pW', 'R-725');
INSERT INTO public.customer VALUES ('Loretta Burleigh', 'lburleighk6', 'hnsvaVzQWHzo', 'R-727');
INSERT INTO public.customer VALUES ('Brent Blais', 'bblaisk7', 't4OhJ8Q6o4X', 'R-728');
INSERT INTO public.customer VALUES ('Nicola Sherry', 'nsherryk8', '0wZGzcQsB', 'R-729');
INSERT INTO public.customer VALUES ('Ernaline Leirmonth', 'eleirmonthk9', 'jTZafl0uP', 'R-730');
INSERT INTO public.customer VALUES ('Chelsea Francescuzzi', 'cfrancescuzzika', 'MHMo7XU5qIJ', 'R-731');
INSERT INTO public.customer VALUES ('Annie Leachman', 'aleachmankb', 'uYNsgeT8R', 'R-732');
INSERT INTO public.customer VALUES ('Shaylyn Davydoch', 'sdavydochkc', '5IGnBjOB', 'R-733');
INSERT INTO public.customer VALUES ('Riannon Hounsom', 'rhounsomkd', 'E5v5WxzHnw4', 'R-734');
INSERT INTO public.customer VALUES ('Robbie Doyley', 'rdoyleyke', 'UPBpkbHe', 'R-735');
INSERT INTO public.customer VALUES ('Reba Guiett', 'rguiettkf', 'dFZbUI11Q', 'R-736');
INSERT INTO public.customer VALUES ('Lorelle Fransman', 'lfransmankg', '4QRcXnWIk', 'R-737');
INSERT INTO public.customer VALUES ('Teresa Kitchingman', 'tkitchingmankh', 'UEA2P2Zfvd', 'R-738');
INSERT INTO public.customer VALUES ('Bettina Nattrass', 'bnattrasski', 'sGI8xUgxE', 'R-739');
INSERT INTO public.customer VALUES ('Irene Effnert', 'ieffnertkj', 'HBvh0T9XbFcJ', 'R-740');
INSERT INTO public.customer VALUES ('Lory Courtenay', 'lcourtenaykk', 'LJ5O0C5j7', 'R-741');
INSERT INTO public.customer VALUES ('Cookie Rumbellow', 'crumbellowkl', 'RoJxa0d5', 'R-742');
INSERT INTO public.customer VALUES ('Michelina Jaggard', 'mjaggardkm', 'brXiQpGv', 'R-743');
INSERT INTO public.customer VALUES ('Flori Madill', 'fmadillkn', 'jrr0SHd', 'R-744');
INSERT INTO public.customer VALUES ('Rooney Besset', 'rbessetko', 'd01VcW', 'R-745');
INSERT INTO public.customer VALUES ('Rosalyn Verdey', 'rverdeykp', '7vg5PddCoH', 'R-746');
INSERT INTO public.customer VALUES ('Odele Hatto', 'ohattokq', '7oqmy244Od9', 'R-747');
INSERT INTO public.customer VALUES ('Valina Luisetti', 'vluisettikr', '7DooElp7', 'R-748');
INSERT INTO public.customer VALUES ('Demott Roberto', 'drobertoks', '2LuOWkpCPa6Q', 'R-749');
INSERT INTO public.customer VALUES ('Marnia Gowanlock', 'mgowanlockkt', 'VJqQB4', 'R-750');
INSERT INTO public.customer VALUES ('Keelia Moyle', 'kmoyleku', 'gBOGZzhW6G', 'R-751');
INSERT INTO public.customer VALUES ('Tiff Vahl', 'tvahlkv', 'zYjGrvGgyt', 'R-752');
INSERT INTO public.customer VALUES ('Bo Hayselden', 'bhayseldenkw', 'guuatGF', 'R-753');
INSERT INTO public.customer VALUES ('Buddy Shoebrook', 'bshoebrookkx', 'v34PaYbFPd', 'R-754');
INSERT INTO public.customer VALUES ('Griselda Trafford', 'gtraffordky', 'CLwVy8D32', 'R-755');
INSERT INTO public.customer VALUES ('Willabella Rixon', 'wrixonkz', '61QwPs05AYh', 'R-756');
INSERT INTO public.customer VALUES ('Reagen Bernardinelli', 'rbernardinellil0', 'gE5VY5lIS2C4', 'R-757');
INSERT INTO public.customer VALUES ('Nathanil Hawksworth', 'nhawksworthl1', 'qQhf9m0T', 'R-758');
INSERT INTO public.customer VALUES ('Brook Moncreiffe', 'bmoncreiffel2', 'NrzBIHtGns', 'R-759');
INSERT INTO public.customer VALUES ('Toby Langthorne', 'tlangthornel3', 'VOareWJ', 'R-760');
INSERT INTO public.customer VALUES ('Elsie Monte', 'emontel4', 'steH7TZ', 'R-761');
INSERT INTO public.customer VALUES ('Wain Rawne', 'wrawnel5', 'jd3agpAZ9Ep', 'R-762');
INSERT INTO public.customer VALUES ('Margalit Novello', 'mnovellol6', 'zCtTc4Q7p', 'R-763');
INSERT INTO public.customer VALUES ('Gertrudis Payfoot', 'gpayfootl7', 'jW3meoAE', 'R-764');
INSERT INTO public.customer VALUES ('Laura Readwood', 'lreadwoodl8', 'X2KS9VB98a', 'R-765');
INSERT INTO public.customer VALUES ('Valli Sharplin', 'vsharplinl9', 'haLV4z2y', 'R-766');
INSERT INTO public.customer VALUES ('Maynord Arnett', 'marnettla', 'Ssq3pxg', 'R-767');
INSERT INTO public.customer VALUES ('Grantley Crownshaw', 'gcrownshawlb', 'nabKF2Xn6O', 'R-768');
INSERT INTO public.customer VALUES ('Carma Boone', 'cboonelc', 'I70QzIy', 'R-769');
INSERT INTO public.customer VALUES ('Shawnee Junkin', 'sjunkinld', 'Y9EfIabUU', 'R-770');
INSERT INTO public.customer VALUES ('Willamina Buxsey', 'wbuxseyle', 'mXnXx6A', 'R-771');
INSERT INTO public.customer VALUES ('Anneliese Croshaw', 'acroshawlf', 'xq261KNw', 'R-772');
INSERT INTO public.customer VALUES ('Merrili Rawsen', 'mrawsenlg', 'T5EFJwfue3N', 'R-773');
INSERT INTO public.customer VALUES ('Gottfried McAloren', 'gmcalorenlh', 'KAXEdq49', 'R-774');
INSERT INTO public.customer VALUES ('Loleta Lovejoy', 'llovejoyli', 'qumO0tiL', 'R-775');
INSERT INTO public.customer VALUES ('Wally de Lloyd', 'wdelj', '8JJzvjbxI2', 'R-776');
INSERT INTO public.customer VALUES ('Waldemar Wiggington', 'wwiggingtonlk', 'wpLtvIoIa2jc', 'R-777');
INSERT INTO public.customer VALUES ('Valina Macci', 'vmaccill', 'ytjkUkI', 'R-778');
INSERT INTO public.customer VALUES ('Oates Gasparro', 'ogasparrolm', '8fffPxZzvogL', 'R-779');
INSERT INTO public.customer VALUES ('Ettore Jiggen', 'ejiggenln', 'BLjy0aHJ', 'R-780');
INSERT INTO public.customer VALUES ('Randa Curreen', 'rcurreenlo', 'mmhRXX', 'R-781');
INSERT INTO public.customer VALUES ('Gwenora Bonafant', 'gbonafantlp', '6lk7xyONjQX5', 'R-782');
INSERT INTO public.customer VALUES ('Matti Gidley', 'mgidleylq', 'V9sAi7Wam', 'R-783');
INSERT INTO public.customer VALUES ('Kakalina Symers', 'ksymerslr', 'DqPNUcxkK', 'R-784');
INSERT INTO public.customer VALUES ('Edmund Yoakley', 'eyoakleyls', 'QZKBhtD', 'R-785');
INSERT INTO public.customer VALUES ('Aloise M Barron ', ' ambarronlt ', ' Wf82UCgPkaG ', ' R - 786 ');
INSERT INTO public.customer VALUES (' Petey Beernaert ', ' pbeernaertlu ', ' fumaNLD9UK ', ' R - 787 ');
INSERT INTO public.customer VALUES (' Thayne Tebboth ', ' ttebbothlv ', ' iuaAxpQ0Q ', ' R - 788 ');
INSERT INTO public.customer VALUES (' Gradey Kuschel ', ' gkuschellw ', ' MYmxRBDEq72x ', ' R - 789 ');
INSERT INTO public.customer VALUES (' Moyra Petruk ', ' mpetruklx ', ' yNTgBv ', ' R - 790 ');
INSERT INTO public.customer VALUES (' Herculie Kift ', ' hkiftly ', ' HbqMhBk7 ', ' R - 791 ');
INSERT INTO public.customer VALUES (' Kim Darte ', ' kdartelz ', ' MClE6Ip28FVH ', ' R - 792 ');
INSERT INTO public.customer VALUES (' Lynsey White ', ' lwhitem0 ', ' d4wMzoAh ', ' R - 793 ');
INSERT INTO public.customer VALUES (' Melita Jorcke ', ' mjorckem1 ', ' 7d4SltzyFXzh ', ' R - 794 ');
INSERT INTO public.customer VALUES (' Ermina Cobb ', ' ecobbm2 ', ' d2ZgLaN5 ', ' R - 795 ');
INSERT INTO public.customer VALUES (' Leanor Eate ', ' leatem3 ', ' sr2N0zb6om ', ' R - 796 ');
INSERT INTO public.customer VALUES (' Damon Boate ', ' dboatem4 ', ' VZew2kKJpBz ', ' R - 797 ');
INSERT INTO public.customer VALUES (' Dexter Cornbell ', ' dcornbellm5 ', ' YnRWnn ', ' R - 798 ');
INSERT INTO public.customer VALUES (' Marnia Addy ', ' maddym6 ', ' E6rfTf ', ' R - 799 ');
INSERT INTO public.customer VALUES (' Elsinore Epple ', ' eepplem7 ', ' onMehUSTW1n ', ' R - 800 ');
INSERT INTO public.customer VALUES (' Sandy Mothersdale ', ' smothersdalem8 ', ' PDwO12 ', ' R - 801 ');
INSERT INTO public.customer VALUES (' Willdon Stanway ', ' wstanwaym9 ', ' fFaRD5JXs4P ', ' R - 802 ');
INSERT INTO public.customer VALUES (' Rod Penylton ', ' rpenyltonma ', ' 0mjHqpRttC7I ', ' R - 803 ');
INSERT INTO public.customer VALUES (' Clayborne Boykett ', ' cboykettmb ', ' 1naOMWnN ', ' R - 804 ');
INSERT INTO public.customer VALUES (' Anderea Biasini ', ' abiasinimc ', ' PnzyiiX ', ' R - 805 ');
INSERT INTO public.customer VALUES (' Stacee Malcher ', ' smalchermd ', ' omFKVMCf9 ', ' R - 806 ');
INSERT INTO public.customer VALUES (' Lynnell Yorkston ', ' lyorkstonme ', ' iyjHzu4Ds ', ' R - 807 ');
INSERT INTO public.customer VALUES (' Bryce Haylor ', ' bhaylormf ', ' VZBg4Cz ', ' R - 808 ');
INSERT INTO public.customer VALUES (' Tamarah Chesterton ', ' tchestertonmg ', ' Liah56aEV0g ', ' R - 809 ');
INSERT INTO public.customer VALUES (' Milo Beek ', ' mbeekmh ', ' r0E33HEkyi ', ' R - 810 ');
INSERT INTO public.customer VALUES (' Fernando Nevet ', ' fnevetmi ', ' oeAJXNt ', ' R - 811 ');
INSERT INTO public.customer VALUES (' Jo Merrisson ', ' jmerrissonmj ', ' pknCFx ', ' R - 812 ');
INSERT INTO public.customer VALUES (' Tabor Barreau ', ' tbarreaumk ', ' IEn5SDV ', ' R - 813 ');
INSERT INTO public.customer VALUES (' Elyssa Selley ', ' eselleyml ', ' Nk5Ugh ', ' R - 814 ');
INSERT INTO public.customer VALUES (' Jeniece Pallin ', ' jpallinmm ', ' yox2t6A ', ' R - 815 ');
INSERT INTO public.customer VALUES (' Elia Towle ', ' etowlemn ', ' vMizTpTxaNI ', ' R - 816 ');
INSERT INTO public.customer VALUES (' Courtnay Hodjetts ', ' chodjettsmo ', ' 9YyDwa ', ' R - 817 ');
INSERT INTO public.customer VALUES (' Constancy Tarzey ', ' ctarzeymp ', ' MYdS3azJ9ah ', ' R - 818 ');
INSERT INTO public.customer VALUES (' Lynne Camier ', ' lcamiermq ', ' tXY0bev ', ' R - 819 ');
INSERT INTO public.customer VALUES (' Gleda Kirman ', ' gkirmanmr ', ' ETCYShz ', ' R - 820 ');
INSERT INTO public.customer VALUES (' Seline Sweedland ', ' ssweedlandms ', ' lOtpDrl8m8gj ', ' R - 821 ');
INSERT INTO public.customer VALUES (' Fancy Facher ', ' ffachermt ', ' bHfYNr ', ' R - 822 ');
INSERT INTO public.customer VALUES (' Patrizius Sisley ', ' psisleymu ', ' 5s42KUVpsIZr ', ' R - 823 ');
INSERT INTO public.customer VALUES (' Fianna Lovstrom ', ' flovstrommv ', ' 6UEyB9tlSLij ', ' R - 824 ');
INSERT INTO public.customer VALUES (' Howey Garard ', ' hgarardmw ', ' PO5GgfUA ', ' R - 825 ');
INSERT INTO public.customer VALUES (' Teirtza Penvarden ', ' tpenvardenmx ', ' D3HOX8e30 ', ' R - 826 ');
INSERT INTO public.customer VALUES (' Austin Ogg ', ' aoggmy ', ' dWStmooehi4 ', ' R - 827 ');
INSERT INTO public.customer VALUES (' Javier Sambles ', ' jsamblesmz ', ' gJBqG9prmp1h ', ' R - 828 ');
INSERT INTO public.customer VALUES (' Leone Strode ', ' lstroden0 ', ' SlkgFR0dEw ', ' R - 829 ');
INSERT INTO public.customer VALUES (' Barbi Tinan ', ' btinann1 ', ' WAZVSKODzS ', ' R - 830 ');
INSERT INTO public.customer VALUES (' Mathilde Bradlaugh ', ' mbradlaughn2 ', ' hqW5oGv985 ', ' R - 831 ');
INSERT INTO public.customer VALUES (' Benedicta Davidai ', ' bdavidain3 ', ' 3eTKOEiD ', ' R - 832 ');
INSERT INTO public.customer VALUES (' Hyacintha Leathart ', ' hleathartn4 ', ' TYz3pOHlYG ', ' R - 833 ');
INSERT INTO public.customer VALUES (' Maudie O Neill', 'moneilln5', 'ztEDDv3hf', 'R-834');
INSERT INTO public.customer VALUES ('Abie St. Paul', 'astn6', 'ERMnnGax', 'R-835');
INSERT INTO public.customer VALUES ('Cecilia Minard', 'cminardn7', 'nIwtj1pePI', 'R-836');
INSERT INTO public.customer VALUES ('Moselle Collomosse', 'mcollomossen8', 'ag8VeKlb', 'R-837');
INSERT INTO public.customer VALUES ('Marris Ipwell', 'mipwelln9', 'fYAdp4SmVBI', 'R-838');
INSERT INTO public.customer VALUES ('Dolly Sewell', 'dsewellna', 'NS9JDniiftC', 'R-839');
INSERT INTO public.customer VALUES ('Collie Chittock', 'cchittocknb', 'xJkNcytC', 'R-840');
INSERT INTO public.customer VALUES ('Timmi Sarjant', 'tsarjantnc', 'C1KMY6yMx0m', 'R-841');
INSERT INTO public.customer VALUES ('Bailie Giroldi', 'bgiroldind', 'PxdGU9', 'R-842');
INSERT INTO public.customer VALUES ('Constantina Crawforth', 'ccrawforthne', 'NwttQU', 'R-843');
INSERT INTO public.customer VALUES ('Madlin Sanbroke', 'msanbrokenf', 'mGnNtxmdj', 'R-844');
INSERT INTO public.customer VALUES ('Alfred Naptin', 'anaptinng', 'j6lyll', 'R-845');
INSERT INTO public.customer VALUES ('Lev Rubin', 'lrubinnh', 'mlmJKWxsGK', 'R-846');
INSERT INTO public.customer VALUES ('Moses MacLese', 'mmacleseni', 'VuPBrrYaWXAL', 'R-847');
INSERT INTO public.customer VALUES ('Carilyn Yoell', 'cyoellnj', '0KSE79pnApGY', 'R-848');
INSERT INTO public.customer VALUES ('Garret Keener', 'gkeenernk', 'PS12dlV', 'R-849');
INSERT INTO public.customer VALUES ('Minnaminnie Martinec', 'mmartinecnl', '3DqJbIpQek', 'R-850');
INSERT INTO public.customer VALUES ('Dietrich Gaunson', 'dgaunsonnm', 'zBdldj', 'R-851');
INSERT INTO public.customer VALUES ('Eberhard Tumility', 'etumilitynn', 'rmTsILYSE', 'R-852');
INSERT INTO public.customer VALUES ('Daryn Quibell', 'dquibellno', 'pFuJwaH', 'R-853');
INSERT INTO public.customer VALUES ('Georgetta Dilland', 'gdillandnp', 'KrztXD', 'R-854');
INSERT INTO public.customer VALUES ('Sarene Kinmond', 'skinmondnq', 'Bq8eYB', 'R-855');
INSERT INTO public.customer VALUES ('Hedvig Crimmins', 'hcrimminsnr', 'Zr7yQF', 'R-856');
INSERT INTO public.customer VALUES ('Ailis Rentcome', 'arentcomens', '4NJEDyB', 'R-857');
INSERT INTO public.customer VALUES ('Burgess McCalister', 'bmccalisternt', '1yme9hHZPlH', 'R-858');
INSERT INTO public.customer VALUES ('Joceline Houliston', 'jhoulistonnu', '6ZrRR2flU', 'R-859');
INSERT INTO public.customer VALUES ('Judy Akenhead', 'jakenheadnv', 'wgqLjDUqiwt', 'R-860');
INSERT INTO public.customer VALUES ('Halimeda Behne', 'hbehnenw', 't3eo0iI3TscY', 'R-861');
INSERT INTO public.customer VALUES ('Tonye Been', 'tbeennx', 'njUNJXc0MrN', 'R-862');
INSERT INTO public.customer VALUES ('Marianna Ruselin', 'mruselinny', 'ZIr6TYlBke', 'R-863');
INSERT INTO public.customer VALUES ('Demeter Meynell', 'dmeynellnz', '4ZQXzYc3D3', 'R-864');
INSERT INTO public.customer VALUES ('Konstantine Fairfull', 'kfairfullo0', 'GxNsFM', 'R-865');
INSERT INTO public.customer VALUES ('Abigael Singyard', 'asingyardo1', 'M21tgMdUR5X7', 'R-866');
INSERT INTO public.customer VALUES ('Natassia Millmoe', 'nmillmoeo2', 'DXdHi6rrK4x', 'R-867');
INSERT INTO public.customer VALUES ('Toinette Newick', 'tnewicko3', 'x0oJF7KCQlWI', 'R-868');
INSERT INTO public.customer VALUES ('Bay Smead', 'bsmeado4', 'fCqyrWKozme', 'R-869');
INSERT INTO public.customer VALUES ('Greer Pechell', 'gpechello5', 'ZUqHih1O', 'R-870');
INSERT INTO public.customer VALUES ('Kenon Phizackerly', 'kphizackerlyo6', 'L3ZsKvXF4x', 'R-871');
INSERT INTO public.customer VALUES ('Sunny Carayol', 'scarayolo7', '9bnIme3xGm', 'R-872');
INSERT INTO public.customer VALUES ('Xavier Leaburn', 'xleaburno8', '2gQK2bOtleO', 'R-873');
INSERT INTO public.customer VALUES ('Walton Atheis', 'watheiso9', 'sPh83LrD4', 'R-874');
INSERT INTO public.customer VALUES ('Abdel Maghull', 'amaghulloa', 'VNcl7It6RE', 'R-875');
INSERT INTO public.customer VALUES ('Dorie Leindecker', 'dleindeckerob', '0SbHL07TY5', 'R-876');
INSERT INTO public.customer VALUES ('Deny Hazelhurst', 'dhazelhurstoc', 'FK7ST5KJiE', 'R-877');
INSERT INTO public.customer VALUES ('Courtenay Mollene', 'cmolleneod', 'HlyASAy3', 'R-878');
INSERT INTO public.customer VALUES ('Jimmie Hairsnape', 'jhairsnapeoe', 'CaStH8XMZHA', 'R-879');
INSERT INTO public.customer VALUES ('Warden Tivenan', 'wtivenanof', '7GeFXZfUrCd', 'R-880');
INSERT INTO public.customer VALUES ('Benedick Mattingson', 'bmattingsonog', '4qiBxGjL', 'R-881');
INSERT INTO public.customer VALUES ('Jennette Kilminster', 'jkilminsteroh', 'Yregm1P', 'R-882');
INSERT INTO public.customer VALUES ('Neal Brunke', 'nbrunkeoi', '6B26Lk', 'R-883');
INSERT INTO public.customer VALUES ('Antonius Bodsworth', 'abodsworthoj', 'C0mKwE3j6p', 'R-884');
INSERT INTO public.customer VALUES ('Grazia Rutherforth', 'grutherforthok', 'GJqqs7sw', 'R-885');
INSERT INTO public.customer VALUES ('Charisse Nice', 'cniceol', 'W2HZ2wG3b', 'R-886');
INSERT INTO public.customer VALUES ('Cristine Kew', 'ckewom', '7ur8xA8RXAq', 'R-887');
INSERT INTO public.customer VALUES ('Bernarr Hagger', 'bhaggeron', 'zXVaIgW0md', 'R-888');
INSERT INTO public.customer VALUES ('Justine Campana', 'jcampanaoo', 'yPT73PXS9', 'R-889');
INSERT INTO public.customer VALUES ('Piper Chellam', 'pchellamop', 'MU8WMcHFPLv9', 'R-890');
INSERT INTO public.customer VALUES ('Chloris Warret', 'cwarretoq', 'jPW6W4tGP', 'R-891');
INSERT INTO public.customer VALUES ('Bartram Springett', 'bspringettor', 'kfoHupj', 'R-892');
INSERT INTO public.customer VALUES ('Falkner Rubenczyk', 'frubenczykos', 'aG7FEcEn', 'R-893');
INSERT INTO public.customer VALUES ('Jenifer Mattheus', 'jmattheusot', 'XLslB4Wvlke', 'R-894');
INSERT INTO public.customer VALUES ('Veriee Clemmensen', 'vclemmensenou', 'bqSgqD', 'R-895');
INSERT INTO public.customer VALUES ('Angela Vertey', 'averteyov', 'x74mIY7GLM', 'R-896');
INSERT INTO public.customer VALUES ('Melony Pittwood', 'mpittwoodow', 'pHorSEIypj', 'R-897');
INSERT INTO public.customer VALUES ('Denyse Jenckes', 'djenckesox', 'Ahs2RZqNBds', 'R-898');
INSERT INTO public.customer VALUES ('Quintina Covington', 'qcovingtonoy', 'V7kItkO5t6U', 'R-899');
INSERT INTO public.customer VALUES ('Conrade Monkton', 'cmonktonoz', 'QCiDnZ8fG', 'R-900');
INSERT INTO public.customer VALUES ('Vinnie Druitt', 'vdruittp0', 'rVHc1vsblNN', 'R-901');
INSERT INTO public.customer VALUES ('Kean Toulmin', 'ktoulminp1', 'r5yZPPuOxAE', 'R-902');
INSERT INTO public.customer VALUES ('Pepito Mathison', 'pmathisonp2', 'zQc5I7JPttH', 'R-903');
INSERT INTO public.customer VALUES ('Austina Meadowcroft', 'ameadowcroftp3', 'Vfftkx', 'R-904');
INSERT INTO public.customer VALUES ('Scarface Loker', 'slokerp4', 'p8h5WkJUFaXt', 'R-905');
INSERT INTO public.customer VALUES ('Hobie McGurn', 'hmcgurnp5', 'd5ysgA1cHrb6', 'R-906');
INSERT INTO public.customer VALUES ('Corliss Zamora', 'czamorap6', 'ZhuAKiB864', 'R-907');
INSERT INTO public.customer VALUES ('Demetris Jaukovic', 'djaukovicp7', '0fU80P', 'R-908');
INSERT INTO public.customer VALUES ('Shawna O Corrin ', ' socorrinp8 ', ' 7B1T9UycV ', ' R - 909 ');
INSERT INTO public.customer VALUES (' Penrod Rottcher ', ' prottcherp9 ', ' 5NENkg ', ' R - 910 ');
INSERT INTO public.customer VALUES (' Alejoa Feige ', ' afeigepa ', ' 7ikRARu4S ', ' R - 911 ');
INSERT INTO public.customer VALUES (' Olenka Rogerot ', ' orogerotpb ', ' 0LYJ8d ', ' R - 912 ');
INSERT INTO public.customer VALUES (' Iggie Schoroder ', ' ischoroderpc ', ' PvOPBQ ', ' R - 913 ');
INSERT INTO public.customer VALUES (' Alleen Surpliss ', ' asurplisspd ', ' Y4WC0Ex7 ', ' R - 914 ');
INSERT INTO public.customer VALUES (' Morgen Cadge ', ' mcadgepe ', ' 3eajX7Nn ', ' R - 915 ');
INSERT INTO public.customer VALUES (' Paul Fowkes ', ' pfowkespf ', ' IoARPDn ', ' R - 916 ');
INSERT INTO public.customer VALUES (' Meredith Hamsson ', ' mhamssonpg ', ' R7onVo9g ', ' R - 917 ');
INSERT INTO public.customer VALUES (' Abra Samper ', ' asamperph ', ' 8YHLLHJ ', ' R - 918 ');
INSERT INTO public.customer VALUES (' Tillie Kimbury ', ' tkimburypi ', ' xli7Xq ', ' R - 919 ');
INSERT INTO public.customer VALUES (' Chucho Dik ', ' cdikpj ', ' JuKP6UyZJrz ', ' R - 920 ');
INSERT INTO public.customer VALUES (' Waylan Ales0 ', ' walespk ', ' Ytt7qm ', ' R - 921 ');
INSERT INTO public.customer VALUES (' Thia Faraday ', ' tfaradaypl ', ' 6qpAAHXpSW ', ' R - 922 ');
INSERT INTO public.customer VALUES (' Nedda Jessen ', ' njessenpm ', ' vFa2BcsSaKKY ', ' R - 923 ');
INSERT INTO public.customer VALUES (' Gaylor Rawlison ', ' grawlisonpn ', ' jIDb1BIe ', ' R - 924 ');
INSERT INTO public.customer VALUES (' Gianina Drinkall ', ' gdrinkallpo ', ' vBOzOnJn4Kt ', ' R - 925 ');
INSERT INTO public.customer VALUES (' Matelda Roseaman ', ' mroseamanpp ', ' lqbWJhIRg ', ' R - 926 ');
INSERT INTO public.customer VALUES (' Viole Diggles ', ' vdigglespq ', ' oGe9MK ', ' R - 927 ');
INSERT INTO public.customer VALUES (' Abagael Ege ', ' aegepr ', ' UxOyDs ', ' R - 928 ');
INSERT INTO public.customer VALUES (' Leoline Ivkovic ', ' livkovicps ', ' ZkQELtUr ', ' R - 929 ');
INSERT INTO public.customer VALUES (' Jolene Goodger ', ' jgoodgerpt ', ' 25Iqok ', ' R - 930 ');
INSERT INTO public.customer VALUES (' Hube Banisch ', ' hbanischpu ', ' HsTYHmm ', ' R - 931 ');
INSERT INTO public.customer VALUES (' Liuka Augustine ', ' laugustinepv ', ' NoMgfFD ', ' R - 932 ');
INSERT INTO public.customer VALUES (' Davey Asipenko ', ' dasipenkopw ', ' t3VdEVR ', ' R - 933 ');
INSERT INTO public.customer VALUES (' Tabatha Papworth ', ' tpapworthpx ', ' MYoUln2Gvt ', ' R - 934 ');
INSERT INTO public.customer VALUES (' Rey Portam ', ' rportampy ', ' FaWsa8cxj ', ' R - 935 ');
INSERT INTO public.customer VALUES (' Cynthy Roscow ', ' croscowpz ', ' MNUGFaxySgix ', ' R - 936 ');
INSERT INTO public.customer VALUES (' Jereme Mutlow ', ' jmutlowq0 ', ' x96KTgZBCn ', ' R - 937 ');
INSERT INTO public.customer VALUES (' Lona Eich ', ' leichq1 ', ' MC4JxgSL ', ' R - 938 ');
INSERT INTO public.customer VALUES (' Clemmy Presnall ', ' cpresnallq2 ', ' Gx6n1EqCmurX ', ' R - 939 ');
INSERT INTO public.customer VALUES (' Danyelle Minget ', ' dmingetq3 ', ' AuWdYVAsUM ', ' R - 940 ');
INSERT INTO public.customer VALUES (' Grant Headington ', ' gheadingtonq4 ', ' c2QjzvUFpp0 ', ' R - 941 ');
INSERT INTO public.customer VALUES (' Angelico Ghelarducci ', ' aghelarducciq5 ', ' t5NSBeKBT ', ' R - 942 ');
INSERT INTO public.customer VALUES (' Bambi Worthing ', ' bworthingq6 ', ' ANy2rvhG ', ' R - 943 ');
INSERT INTO public.customer VALUES (' Joanie Creigan ', ' jcreiganq7 ', ' mTAPMpq3Ir8G ', ' R - 944 ');
INSERT INTO public.customer VALUES (' Poul Cornils ', ' pcornilsq8 ', ' nmtu38 ', ' R - 945 ');
INSERT INTO public.customer VALUES (' Hamnet Gumb ', ' hgumbq9 ', ' CjHmVChwe ', ' R - 946 ');
INSERT INTO public.customer VALUES (' Guillemette Botwood ', ' gbotwoodqa ', ' q4MNSq0 ', ' R - 947 ');
INSERT INTO public.customer VALUES (' Netty Turley ', ' nturleyqb ', ' 77pEHXQYHYO ', ' R - 948 ');
INSERT INTO public.customer VALUES (' Jarrid Duff ', ' jduffqc ', ' txe2lHq6N ', ' R - 949 ');
INSERT INTO public.customer VALUES (' Ilene Letessier ', ' iletessierqd ', ' DoTrZ8mAvcZp ', ' R - 950 ');
INSERT INTO public.customer VALUES (' Kimmy Tine ', ' ktineqe ', ' IxEpAYICKkk2 ', ' R - 951 ');
INSERT INTO public.customer VALUES (' Massimo Godson ', ' mgodsonqf ', ' rDYWtVbO ', ' R - 952 ');
INSERT INTO public.customer VALUES (' Dreddy Placido ', ' dplacidoqg ', ' aKs52feVH6gQ ', ' R - 953 ');
INSERT INTO public.customer VALUES (' Sherrie Hallward ', ' shallwardqh ', ' RS5cRu8tg ', ' R - 954 ');
INSERT INTO public.customer VALUES (' Dayna Trass ', ' dtrassqi ', ' 8o1XprHo ', ' R - 955 ');
INSERT INTO public.customer VALUES (' Jacquelynn Hiers ', ' jhiersqj ', ' tKByV8 ', ' R - 956 ');
INSERT INTO public.customer VALUES (' Peadar Fivey ', ' pfiveyqk ', ' GhGT2GnIl ', ' R - 957 ');
INSERT INTO public.customer VALUES (' Jere Prestney ', ' jprestneyql ', ' psR0NLT ', ' R - 958 ');
INSERT INTO public.customer VALUES (' Georgianne Michallat ', ' gmichallatqm ', ' o0GACu7sfcBW ', ' R - 959 ');
INSERT INTO public.customer VALUES (' Mickey Course ', ' mcourseqn ', ' TOAxkCk4O ', ' R - 960 ');
INSERT INTO public.customer VALUES (' Cynthea De Avenell ', ' cdeqo ', ' DVYrhXgorO ', ' R - 961 ');
INSERT INTO public.customer VALUES (' Dorrie Spurett ', ' dspurettqp ', ' VW0rOxuVIquG ', ' R - 962 ');
INSERT INTO public.customer VALUES (' Tabby Ferrolli ', ' tferrolliqq ', ' V3AH8lNLh ', ' R - 963 ');
INSERT INTO public.customer VALUES (' Norri Edser ', ' nedserqr ', ' q4Pc3rU ', ' R - 964 ');
INSERT INTO public.customer VALUES (' Hardy Monckman ', ' hmonckmanqs ', ' QnSkNCZ ', ' R - 965 ');
INSERT INTO public.customer VALUES (' Claresta Colbertson ', ' ccolbertsonqt ', ' Yfm2JvX ', ' R - 966 ');
INSERT INTO public.customer VALUES (' Brigitta Zarb ', ' bzarbqu ', ' DGFASx9EQnTJ ', ' R - 967 ');
INSERT INTO public.customer VALUES (' Pail Tonks ', ' ptonksqv ', ' W2Mtq4FYz0Q ', ' R - 968 ');
INSERT INTO public.customer VALUES (' Ahmed Howis ', ' ahowisqw ', ' PUnrULYhRSl3 ', ' R - 969 ');
INSERT INTO public.customer VALUES (' Lucienne Pendleton ', ' lpendletonqx ', ' UPqoct3MJE ', ' R - 970 ');
INSERT INTO public.customer VALUES (' Gradeigh Ashtonhurst ', ' gashtonhurstqy ', ' USxzGnWJzo8 ', ' R - 971 ');
INSERT INTO public.customer VALUES (' Shurlock Millsap ', ' smillsapqz ', ' vt2HUa1O ', ' R - 972 ');
INSERT INTO public.customer VALUES (' Augustus Mugglestone ', ' amugglestoner0 ', ' f7yQil3rSi ', ' R - 973 ');
INSERT INTO public.customer VALUES (' Franchot Ranald ', ' franaldr1 ', ' 3pBp1R1r3gi8 ', ' R - 974 ');
INSERT INTO public.customer VALUES (' Rance Erbain ', ' rerbainr2 ', ' E37wkanvIw6x ', ' R - 975 ');
INSERT INTO public.customer VALUES (' Gary Smallpiece ', ' gsmallpiecer3 ', ' mniLxiU ', ' R - 976 ');
INSERT INTO public.customer VALUES (' Franciska De Michetti ', ' fder4 ', ' l1C3p6eiaY ', ' R - 977 ');
INSERT INTO public.customer VALUES (' Izak Harden ', ' ihardenr5 ', ' MeM9Qq92 ', ' R - 978 ');
INSERT INTO public.customer VALUES (' Bertie Kubec ', ' bkubecr6 ', ' jWx6rZ1 ', ' R - 979 ');
INSERT INTO public.customer VALUES (' Benjamen Crabbe ', ' bcrabber7 ', ' xG5qexT ', ' R - 980 ');
INSERT INTO public.customer VALUES (' Aube Redier ', ' aredierr8 ', ' LwGSfs ', ' R - 981 ');
INSERT INTO public.customer VALUES (' Kerrin Merwood ', ' kmerwoodr9 ', ' wdRjv9V ', ' R - 982 ');
INSERT INTO public.customer VALUES (' Lexy Chern ', ' lchernra ', ' oruMkp ', ' R - 983 ');
INSERT INTO public.customer VALUES (' Alfy Mosedall ', ' amosedallrb ', ' XMeLcPCF ', ' R - 984 ');
INSERT INTO public.customer VALUES (' Leoine Montel ', ' lmontelrc ', ' 0cteU2vFDF6 ', ' R - 985 ');
INSERT INTO public.customer VALUES (' Baryram Claque ', ' bclaquerd ', ' HOQbnJr ', ' R - 986 ');
INSERT INTO public.customer VALUES (' Sondra Mc Grath ', ' smcre ', ' WYzN1EqCk ', ' R - 987 ');
INSERT INTO public.customer VALUES (' Orsa Jeroch ', ' ojerochrf ', ' BHyW1ICsfdv0 ', ' R - 988 ');
INSERT INTO public.customer VALUES (' Ema Moller ', ' emollerrg ', ' ollb76ZM94 ', ' R - 989 ');
INSERT INTO public.customer VALUES (' Starlene Ashpital ', ' sashpitalrh ', ' yTLZZj ', ' R - 990 ');
INSERT INTO public.customer VALUES (' Lizbeth Bathoe ', ' lbathoeri ', ' dorCk48 ', ' R - 991 ');
INSERT INTO public.customer VALUES (' Claudian Von Welden ', ' cvonrj ', ' 0vtVC717p96R ', ' R - 992 ');
INSERT INTO public.customer VALUES (' Leyla McLagan ', ' lmclaganrk ', ' Z4DcAuU4 ', ' R - 993 ');
INSERT INTO public.customer VALUES (' Stephine Mirfin ', ' smirfinrl ', ' KxbNTtJ ', ' R - 994 ');
INSERT INTO public.customer VALUES (' Lonee Crossfeld ', ' lcrossfeldrm ', ' qEKMXgj ', ' R - 995 ');
INSERT INTO public.customer VALUES (' Karoline Matkin ', ' kmatkinrn ', ' nZ6BAJY4 ', ' R - 996 ');
INSERT INTO public.customer VALUES (' Mattheus Demelt ', ' mdemeltro ', ' SYJlpfO ', ' R - 997 ');
INSERT INTO public.customer VALUES (' Prent Cathery ', ' pcatheryrp ', ' HAqLTUx3hwm ', ' R - 998 ');
INSERT INTO public.customer VALUES (' Leena Foan ', ' lfoanrq ', ' gctHoxkUG ', ' R - 999 ');
INSERT INTO public.customer VALUES (' Nolana Allin ', ' nallinrr ', ' N7QtwV6u ', ' R - 1000 ');


--
-- TOC entry 2852 (class 0 OID 16478)
-- Dependencies: 197
-- Data for Name: film; Type: TABLE DATA; Schema: public; Owner: postgres
--

INSERT INTO public.film VALUES ('F-51', 'test', 'test', 'test');
INSERT INTO public.film VALUES ('F-1', 'Our Dancing Daughters', 'Romance', 'Cum sociis natoque penatibus et magnis dis parturient montes, nascetur ridiculus mus. Vivamus vestibulum sagittis sapien.');
INSERT INTO public.film VALUES ('F-2', 'FearDotCom (a.k.a. Fear.com) (a.k.a. Fear Dot Com)', 'Comedy', 'Ut at dolor quis odio consequat varius. Integer ac leo.');
INSERT INTO public.film VALUES ('F-3', 'Picture of Dorian Gray, The', 'Action', 'Proin at turpis a pede posuere nonummy. Integer non velit.');
INSERT INTO public.film VALUES ('F-4', 'NeverEnding Story II: The Next Chapter, The', 'Romance', 'Integer ac neque. Duis bibendum. Morbi non quam nec dui luctus rutrum.');
INSERT INTO public.film VALUES ('F-5', 'Sarah Silverman: Jesus Is Magic', 'Comedy', 'Morbi sem mauris, laoreet ut, rhoncus aliquet, pulvinar sed, nisl.');
INSERT INTO public.film VALUES ('F-6', 'Harvest', 'Romance', 'Curabitur convallis.');
INSERT INTO public.film VALUES ('F-7', 'Heartbeeps', 'Horror', 'Etiam justo. Etiam pretium iaculis justo. In hac habitasse platea dictumst.');
INSERT INTO public.film VALUES ('F-8', 'Secret Agent', 'Horror', 'Curabitur in libero ut massa volutpat convallis.');
INSERT INTO public.film VALUES ('F-9', 'Ballplayer: Pelotero', 'Romance', 'Ut at dolor quis odio consequat varius. Integer ac leo.');
INSERT INTO public.film VALUES ('F-10', 'Rain People, The', 'Romance', 'In hac habitasse platea dictumst.');
INSERT INTO public.film VALUES ('F-11', 'Comfort and Joy', 'Horror', 'Quisque porta volutpat erat. Quisque erat eros, viverra eget, congue eget, semper rutrum, nulla. Nunc purus.');
INSERT INTO public.film VALUES ('F-12', 'Peacemaker, The', 'Fantasy', 'Vivamus metus arcu, adipiscing molestie, hendrerit at, vulputate vitae, nisl. Aenean lectus.');
INSERT INTO public.film VALUES ('F-13', '4th Floor, The', 'Fantasy', 'Nullam orci pede, venenatis non, sodales sed, tincidunt eu, felis.');
INSERT INTO public.film VALUES ('F-14', 'Lotto Land', 'Horror', 'Proin interdum mauris non ligula pellentesque ultrices. Phasellus id sapien in sapien iaculis congue. Vivamus metus arcu, adipiscing molestie, hendrerit at, vulputate vitae, nisl.');
INSERT INTO public.film VALUES ('F-15', 'Music Lovers, The', 'Horror', 'Integer ac leo. Pellentesque ultrices mattis odio.');
INSERT INTO public.film VALUES ('F-16', 'Three Lives of Thomasina, The', 'SciFi', 'In congue. Etiam justo.');
INSERT INTO public.film VALUES ('F-17', 'Eye, The', 'SciFi', 'In congue.');
INSERT INTO public.film VALUES ('F-18', 'Mortdecai', 'Horror', 'Nulla ut erat id mauris vulputate elementum.');
INSERT INTO public.film VALUES ('F-19', 'Anima Mundi', 'Comedy', 'Aliquam quis turpis eget elit sodales scelerisque. Mauris sit amet eros.');
INSERT INTO public.film VALUES ('F-20', 'Dawn of the Dead', 'SciFi', 'Proin risus. Praesent lectus. Vestibulum quam sapien, varius ut, blandit non, interdum in, ante.');
INSERT INTO public.film VALUES ('F-21', 'Wedding Director, The (Il regista di matrimoni)', 'SciFi', 'Integer tincidunt ante vel ipsum. Praesent blandit lacinia erat.');
INSERT INTO public.film VALUES ('F-22', 'L: Change the World', 'Comedy', 'Morbi porttitor lorem id ligula. Suspendisse ornare consequat lectus.');
INSERT INTO public.film VALUES ('F-23', 'Charlie s Angels', ' Action', ' Duis aliquam convallis nunc.Proin at turpis a pede posuere nonummy.');
INSERT INTO public.film VALUES ('F-24', ' Backstairs (Hintertreppe)', ' Horror', ' Fusce congue,
    diam id ornare imperdiet,
    sapien urna pretium nisl,
    ut volutpat sapien arcu sed augue.Aliquam erat volutpat.');
INSERT INTO public.film VALUES ('F-25', '1', ' Comedy', ' Quisque arcu libero,
    rutrum ac,
    lobortis vel,
    dapibus at,
    diam.');
INSERT INTO public.film VALUES ('F-26', ' Sneakers', ' Romance', ' Donec ut mauris eget massa tempor convallis.');
INSERT INTO public.film VALUES ('F-27', ' Run Ronnie Run', ' Romance', ' Aenean lectus.Pellentesque eget nunc.Donec quis orci eget orci vehicula condimentum.');
INSERT INTO public.film VALUES ('F-28', ' Bombn : El Perro (El perro)', ' Comedy', ' Quisque id justo sit amet sapien dignissim vestibulum.Vestibulum ante ipsum primis in faucibus orci luctus et ultrices posuere cubilia Curae;
Nulla dapibus dolor vel est.Donec odio justo,
sollicitudin ut,
suscipit a,
feugiat et,
eros.');
INSERT INTO public.film VALUES ('F-29', ' Last Witness,
The', ' Horror', ' Aenean sit amet justo.Morbi ut odio.');
INSERT INTO public.film VALUES ('F-30', ' Spring,
Summer,
Fall,
Winter...
and Spring (
  Bom yeoreum gaeul gyeoul geurigo bom
)', ' SciFi', ' Maecenas tincidunt lacus at velit.');
INSERT INTO public.film VALUES ('F-31', ' Breakout', ' Action', ' Suspendisse potenti.Cras in purus eu magna vulputate luctus.');
INSERT INTO public.film VALUES ('F-32', ' Prize,
The', ' SciFi', ' Morbi non quam nec dui luctus rutrum.Nulla tellus.');
INSERT INTO public.film VALUES ('F-33', ' Facing the Giants', ' Action', ' Proin risus.Praesent lectus.Vestibulum quam sapien,
varius ut,
blandit non,
interdum in,
ante.');
INSERT INTO public.film VALUES ('F-34', ' Escape', ' Horror', ' Nullam sit amet turpis elementum ligula vehicula consequat.Morbi a ipsum.');
INSERT INTO public.film VALUES ('F-35', ' Sleep Tight (Mientras duermes)', ' Romance', ' Nullam orci pede,
venenatis non,
sodales sed,
tincidunt eu,
felis.');
INSERT INTO public.film VALUES ('F-36', ' Shockproof', ' Romance', ' Nullam varius.Nulla facilisi.');
INSERT INTO public.film VALUES ('F-37', ' Days of Heaven', ' Comedy', ' Suspendisse potenti.Cras in purus eu magna vulputate luctus.');
INSERT INTO public.film VALUES ('F-38', ' Scanners III : The Takeover (Scanner Force)', ' Comedy', ' Duis at velit eu est congue elementum.In hac habitasse platea dictumst.Morbi vestibulum,
velit id pretium iaculis,
diam erat fermentum justo,
nec condimentum neque sapien placerat ante.');
INSERT INTO public.film VALUES ('F-39', ' Konga', ' Action', ' Donec posuere metus vitae ipsum.Aliquam non mauris.Morbi non lectus.');
INSERT INTO public.film VALUES ('F-40', ' Another Man s Poison', 'Romance', 'Mauris ullamcorper purus sit amet nulla. Quisque arcu libero, rutrum ac, lobortis vel, dapibus at, diam.');
INSERT INTO public.film VALUES ('F-41', 'Caroline?', 'Comedy', 'Suspendisse ornare consequat lectus. In est risus, auctor sed, tristique in, tempus sit amet, sem. Fusce consequat.');
INSERT INTO public.film VALUES ('F-42', 'Tokyo Story (Tky monogatari)', 'Fantasy', 'Mauris sit amet eros.');
INSERT INTO public.film VALUES ('F-43', 'Charlie Chan at Monte Carlo', 'Fantasy', 'Morbi non quam nec dui luctus rutrum. Nulla tellus. In sagittis dui vel nisl.');
INSERT INTO public.film VALUES ('F-44', 'When Ladies Meet', 'Comedy', 'Duis bibendum, felis sed interdum venenatis, turpis enim blandit mi, in porttitor pede justo eu massa. Donec dapibus. Duis at velit eu est congue elementum.');
INSERT INTO public.film VALUES ('F-45', 'Koch', 'Action', 'Duis mattis egestas metus. Aenean fermentum.');
INSERT INTO public.film VALUES ('F-46', 'Gus', 'SciFi', 'Aliquam sit amet diam in magna bibendum imperdiet. Nullam orci pede, venenatis non, sodales sed, tincidunt eu, felis. Fusce posuere felis sed lacus.');
INSERT INTO public.film VALUES ('F-47', 'Aileen: Life and Death of a Serial Killer', 'SciFi', 'Mauris ullamcorper purus sit amet nulla. Quisque arcu libero, rutrum ac, lobortis vel, dapibus at, diam.');
INSERT INTO public.film VALUES ('F-48', 'Paris, France', 'Horror', 'Morbi sem mauris, laoreet ut, rhoncus aliquet, pulvinar sed, nisl.');
INSERT INTO public.film VALUES ('F-49', 'The Squeeze', 'Horror', 'Integer non velit. Donec diam neque, vestibulum eget, vulputate ut, ultrices vel, augue.');
INSERT INTO public.film VALUES ('F-50', 'Dark Crystal, The', 'Romance', 'Aenean auctor gravida sem. Praesent id massa id nisl venenatis lacinia.');
INSERT INTO public.film VALUES ('F-52', 'test', 'test', 'test');


--
-- TOC entry 2853 (class 0 OID 16486)
-- Dependencies: 198
-- Data for Name: provoli; Type: TABLE DATA; Schema: public; Owner: postgres
--

INSERT INTO public.provoli VALUES ('P-10', 'F-1', 'C-2', '2019-08-16', '2019-09-16', 3, false);
INSERT INTO public.provoli VALUES ('P-8', 'F-36', 'C-1', '2019-07-31', '2019-08-31', 3, false);
INSERT INTO public.provoli VALUES ('P-9', 'F-25', 'C-9', '2019-08-04', '2019-09-04', 3, false);
INSERT INTO public.provoli VALUES ('P-11', 'F-18', 'C-2', '2019-06-10', '2019-07-10', 3, false);
INSERT INTO public.provoli VALUES ('P-12', 'F-12', 'C-13', '2019-08-21', '2019-09-21', 3, false);
INSERT INTO public.provoli VALUES ('P-13', 'F-21', 'C-17', '2019-08-13', '2019-09-14', 3, false);
INSERT INTO public.provoli VALUES ('P-14', 'F-31', 'C-11', '2019-07-15', '2019-08-15', 3, false);
INSERT INTO public.provoli VALUES ('P-15', 'F-15', 'C-20', '2019-07-03', '2019-08-03', 3, false);
INSERT INTO public.provoli VALUES ('P-16', 'F-37', 'C-18', '2019-08-06', '2019-09-06', 3, false);
INSERT INTO public.provoli VALUES ('P-17', 'F-7', 'C-5', '2019-08-20', '2019-09-20', 3, false);
INSERT INTO public.provoli VALUES ('P-18', 'F-41', 'C-2', '2019-07-26', '2019-08-27', 3, false);
INSERT INTO public.provoli VALUES ('P-19', 'F-27', 'C-1', '2019-08-02', '2019-09-03', 3, false);
INSERT INTO public.provoli VALUES ('P-20', 'F-8', 'C-9', '2019-08-19', '2019-09-20', 3, false);
INSERT INTO public.provoli VALUES ('P-28', 'F-14', 'C-8', '2019-06-28', '2019-07-28', 3, false);
INSERT INTO public.provoli VALUES ('P-29', 'F-19', 'C-2', '2019-06-12', '2019-07-12', 3, false);
INSERT INTO public.provoli VALUES ('P-30', 'F-47', 'C-8', '2019-08-18', '2019-09-18', 3, false);
INSERT INTO public.provoli VALUES ('P-50', 'F-47', 'C-30', '2019-07-15', '2019-08-15', 3, false);
INSERT INTO public.provoli VALUES ('P-51', 'F-50', 'C-23', '2019-06-16', '2019-07-16', 3, false);
INSERT INTO public.provoli VALUES ('P-52', 'F-26', 'C-16', '2019-08-06', '2019-09-06', 3, false);
INSERT INTO public.provoli VALUES ('P-268', 'F-43', 'C-22', '2019-08-28', '2019-09-28', 2, false);
INSERT INTO public.provoli VALUES ('P-269', 'F-8', 'C-5', '2019-08-12', '2019-09-12', 2, false);
INSERT INTO public.provoli VALUES ('P-38', 'F-23', 'C-1', '2019-06-10', '2019-07-10', 3, false);
INSERT INTO public.provoli VALUES ('P-39', 'F-46', 'C-16', '2019-07-29', '2019-08-29', 3, false);
INSERT INTO public.provoli VALUES ('P-40', 'F-45', 'C-9', '2019-06-20', '2019-07-20', 3, false);
INSERT INTO public.provoli VALUES ('P-41', 'F-2', 'C-14', '2019-07-31', '2019-08-31', 3, false);
INSERT INTO public.provoli VALUES ('P-42', 'F-18', 'C-21', '2019-06-21', '2019-07-21', 3, false);
INSERT INTO public.provoli VALUES ('P-43', 'F-41', 'C-21', '2019-07-16', '2019-08-16', 3, false);
INSERT INTO public.provoli VALUES ('P-44', 'F-38', 'C-4', '2019-06-17', '2019-07-17', 3, false);
INSERT INTO public.provoli VALUES ('P-45', 'F-19', 'C-12', '2019-07-09', '2019-08-09', 3, false);
INSERT INTO public.provoli VALUES ('P-270', 'F-43', 'C-19', '2019-08-11', '2019-09-11', 2, false);
INSERT INTO public.provoli VALUES ('P-271', 'F-41', 'C-30', '2019-07-21', '2019-08-21', 2, false);
INSERT INTO public.provoli VALUES ('P-272', 'F-38', 'C-6', '2019-06-29', '2019-07-29', 2, false);
INSERT INTO public.provoli VALUES ('P-273', 'F-19', 'C-21', '2019-07-01', '2019-08-01', 2, false);
INSERT INTO public.provoli VALUES ('P-274', 'F-19', 'C-21', '2019-07-09', '2019-08-09', 2, false);
INSERT INTO public.provoli VALUES ('P-275', 'F-6', 'C-17', '2019-06-25', '2019-07-25', 2, false);
INSERT INTO public.provoli VALUES ('P-276', 'F-17', 'C-19', '2019-07-14', '2019-08-14', 2, false);
INSERT INTO public.provoli VALUES ('P-277', 'F-19', 'C-7', '2019-08-12', '2019-09-13', 2, false);
INSERT INTO public.provoli VALUES ('P-278', 'F-28', 'C-14', '2019-07-11', '2019-08-11', 2, false);
INSERT INTO public.provoli VALUES ('P-7', 'F-15', 'C-10', '2019-06-07', '2019-07-07', 3, true);
INSERT INTO public.provoli VALUES ('P-61', 'F-31', 'C-14', '2019-06-08', '2019-07-08', 3, true);
INSERT INTO public.provoli VALUES ('P-66', 'F-26', 'C-4', '2019-06-06', '2019-07-06', 3, true);
INSERT INTO public.provoli VALUES ('P-70', 'F-46', 'C-18', '2019-06-07', '2019-07-07', 3, true);
INSERT INTO public.provoli VALUES ('P-119', 'F-35', 'C-15', '2019-06-06', '2019-07-06', 3, true);
INSERT INTO public.provoli VALUES ('P-242', 'F-15', 'C-24', '2019-06-09', '2019-07-09', 2, true);
INSERT INTO public.provoli VALUES ('P-279', 'F-24', 'C-30', '2019-07-15', '2019-08-15', 2, false);
INSERT INTO public.provoli VALUES ('P-280', 'F-30', 'C-10', '2019-07-09', '2019-08-09', 2, false);
INSERT INTO public.provoli VALUES ('P-281', 'F-49', 'C-15', '2019-07-04', '2019-08-04', 2, false);
INSERT INTO public.provoli VALUES ('P-282', 'F-31', 'C-25', '2019-07-24', '2019-08-24', 2, false);
INSERT INTO public.provoli VALUES ('P-283', 'F-48', 'C-5', '2019-08-16', '2019-09-16', 2, false);
INSERT INTO public.provoli VALUES ('P-284', 'F-6', 'C-17', '2019-08-24', '2019-09-24', 2, false);
INSERT INTO public.provoli VALUES ('P-285', 'F-8', 'C-16', '2019-06-21', '2019-07-21', 2, false);
INSERT INTO public.provoli VALUES ('P-286', 'F-5', 'C-8', '2019-07-01', '2019-08-01', 2, false);
INSERT INTO public.provoli VALUES ('P-125', 'F-2', 'C-16', '2019-07-11', '2019-08-11', 3, false);
INSERT INTO public.provoli VALUES ('P-126', 'F-3', 'C-15', '2019-06-16', '2019-07-16', 3, false);
INSERT INTO public.provoli VALUES ('P-127', 'F-5', 'C-19', '2019-07-12', '2019-08-12', 3, false);
INSERT INTO public.provoli VALUES ('P-128', 'F-14', 'C-18', '2019-07-08', '2019-08-08', 3, false);
INSERT INTO public.provoli VALUES ('P-129', 'F-45', 'C-9', '2019-08-15', '2019-09-15', 3, false);
INSERT INTO public.provoli VALUES ('P-130', 'F-15', 'C-19', '2019-06-11', '2019-07-11', 3, false);
INSERT INTO public.provoli VALUES ('P-56', 'F-7', 'C-10', '2019-08-29', '2019-09-29', 3, false);
INSERT INTO public.provoli VALUES ('P-57', 'F-23', 'C-15', '2019-07-11', '2019-08-11', 3, false);
INSERT INTO public.provoli VALUES ('P-58', 'F-16', 'C-5', '2019-06-11', '2019-07-11', 3, false);
INSERT INTO public.provoli VALUES ('P-83', 'F-48', 'C-12', '2019-07-24', '2019-08-24', 3, false);
INSERT INTO public.provoli VALUES ('P-84', 'F-27', 'C-25', '2019-08-23', '2019-09-23', 3, false);
INSERT INTO public.provoli VALUES ('P-85', 'F-46', 'C-25', '2019-06-24', '2019-07-24', 3, false);
INSERT INTO public.provoli VALUES ('P-86', 'F-26', 'C-1', '2019-07-11', '2019-08-11', 3, false);
INSERT INTO public.provoli VALUES ('P-87', 'F-36', 'C-2', '2019-07-23', '2019-08-23', 3, false);
INSERT INTO public.provoli VALUES ('P-88', 'F-28', 'C-14', '2019-07-20', '2019-08-20', 3, false);
INSERT INTO public.provoli VALUES ('P-89', 'F-11', 'C-20', '2019-07-08', '2019-08-08', 3, false);
INSERT INTO public.provoli VALUES ('P-144', 'F-41', 'C-25', '2019-06-08', '2019-07-08', 3, true);
INSERT INTO public.provoli VALUES ('P-145', 'F-8', 'C-14', '2019-06-08', '2019-07-08', 3, true);
INSERT INTO public.provoli VALUES ('P-151', 'F-14', 'C-4', '2019-06-05', '2019-07-06', 3, true);
INSERT INTO public.provoli VALUES ('P-156', 'F-27', 'C-17', '2019-06-08', '2019-07-08', 3, true);
INSERT INTO public.provoli VALUES ('P-203', 'F-20', 'C-24', '2019-06-09', '2019-07-10', 2, true);
INSERT INTO public.provoli VALUES ('P-223', 'F-1', 'C-28', '2019-06-09', '2019-07-09', 2, true);
INSERT INTO public.provoli VALUES ('P-53', 'F-27', 'C-22', '2019-08-10', '2019-09-10', 3, false);
INSERT INTO public.provoli VALUES ('P-54', 'F-43', 'C-29', '2019-08-22', '2019-09-22', 3, false);
INSERT INTO public.provoli VALUES ('P-55', 'F-27', 'C-23', '2019-08-05', '2019-09-05', 3, false);
INSERT INTO public.provoli VALUES ('P-247', 'F-10', 'C-18', '2019-06-27', '2019-07-27', 2, false);
INSERT INTO public.provoli VALUES ('P-248', 'F-27', 'C-8', '2019-07-02', '2019-08-02', 2, false);
INSERT INTO public.provoli VALUES ('P-249', 'F-9', 'C-17', '2019-07-26', '2019-08-26', 2, false);
INSERT INTO public.provoli VALUES ('P-250', 'F-29', 'C-20', '2019-06-15', '2019-07-15', 2, false);
INSERT INTO public.provoli VALUES ('P-251', 'F-12', 'C-20', '2019-07-11', '2019-08-11', 2, false);
INSERT INTO public.provoli VALUES ('P-252', 'F-9', 'C-10', '2019-08-10', '2019-09-11', 2, false);
INSERT INTO public.provoli VALUES ('P-253', 'F-3', 'C-14', '2019-07-05', '2019-08-05', 2, false);
INSERT INTO public.provoli VALUES ('P-262', 'F-43', 'C-5', '2019-06-14', '2019-07-14', 2, false);
INSERT INTO public.provoli VALUES ('P-263', 'F-41', 'C-27', '2019-06-10', '2019-07-10', 2, false);
INSERT INTO public.provoli VALUES ('P-264', 'F-6', 'C-19', '2019-07-04', '2019-08-04', 2, false);
INSERT INTO public.provoli VALUES ('P-265', 'F-3', 'C-27', '2019-07-28', '2019-08-29', 2, false);
INSERT INTO public.provoli VALUES ('P-266', 'F-27', 'C-25', '2019-06-14', '2019-07-14', 2, false);
INSERT INTO public.provoli VALUES ('P-267', 'F-27', 'C-21', '2019-07-14', '2019-08-14', 2, false);
INSERT INTO public.provoli VALUES ('P-259', 'F-39', 'C-13', '2019-06-09', '2019-07-09', 2, true);
INSERT INTO public.provoli VALUES ('P-295', 'F-26', 'C-22', '2019-06-05', '2019-07-05', 2, true);
INSERT INTO public.provoli VALUES ('P-297', 'F-45', 'C-26', '2019-06-09', '2019-07-09', 2, true);
INSERT INTO public.provoli VALUES ('P-306', 'F-4', 'C-14', '2019-06-08', '2019-07-08', 2, true);
INSERT INTO public.provoli VALUES ('P-332', 'F-38', 'C-25', '2019-06-06', '2019-07-06', 2, true);
INSERT INTO public.provoli VALUES ('P-364', 'F-27', 'C-5', '2019-06-09', '2019-07-09', 2, true);
INSERT INTO public.provoli VALUES ('P-376', 'F-18', 'C-15', '2019-06-05', '2019-07-05', 2, true);
INSERT INTO public.provoli VALUES ('P-254', 'F-47', 'C-13', '2019-08-06', '2019-09-07', 2, false);
INSERT INTO public.provoli VALUES ('P-255', 'F-9', 'C-26', '2019-08-14', '2019-09-14', 2, false);
INSERT INTO public.provoli VALUES ('P-256', 'F-23', 'C-9', '2019-07-25', '2019-08-25', 2, false);
INSERT INTO public.provoli VALUES ('P-257', 'F-13', 'C-22', '2019-07-29', '2019-08-29', 2, false);
INSERT INTO public.provoli VALUES ('P-258', 'F-1', 'C-20', '2019-07-16', '2019-08-16', 2, false);
INSERT INTO public.provoli VALUES ('P-260', 'F-16', 'C-13', '2019-07-31', '2019-08-31', 2, false);
INSERT INTO public.provoli VALUES ('P-261', 'F-13', 'C-25', '2019-07-11', '2019-08-11', 2, false);
INSERT INTO public.provoli VALUES ('P-64', 'F-25', 'C-24', '2019-08-21', '2019-09-21', 3, false);
INSERT INTO public.provoli VALUES ('P-65', 'F-43', 'C-16', '2019-07-03', '2019-08-03', 3, false);
INSERT INTO public.provoli VALUES ('P-67', 'F-8', 'C-13', '2019-08-15', '2019-09-15', 3, false);
INSERT INTO public.provoli VALUES ('P-68', 'F-50', 'C-2', '2019-07-19', '2019-08-19', 3, false);
INSERT INTO public.provoli VALUES ('P-69', 'F-6', 'C-27', '2019-07-18', '2019-08-18', 3, false);
INSERT INTO public.provoli VALUES ('P-71', 'F-29', 'C-9', '2019-07-07', '2019-08-07', 3, false);
INSERT INTO public.provoli VALUES ('P-72', 'F-41', 'C-19', '2019-06-27', '2019-07-27', 3, false);
INSERT INTO public.provoli VALUES ('P-73', 'F-36', 'C-22', '2019-07-04', '2019-08-05', 3, false);
INSERT INTO public.provoli VALUES ('P-74', 'F-47', 'C-8', '2019-08-01', '2019-09-01', 3, false);
INSERT INTO public.provoli VALUES ('P-75', 'F-38', 'C-25', '2019-07-04', '2019-08-04', 3, false);
INSERT INTO public.provoli VALUES ('P-76', 'F-11', 'C-29', '2019-08-05', '2019-09-06', 3, false);
INSERT INTO public.provoli VALUES ('P-77', 'F-36', 'C-27', '2019-06-17', '2019-07-17', 3, false);
INSERT INTO public.provoli VALUES ('P-78', 'F-31', 'C-8', '2019-07-05', '2019-08-05', 3, false);
INSERT INTO public.provoli VALUES ('P-79', 'F-49', 'C-22', '2019-07-20', '2019-08-21', 3, false);
INSERT INTO public.provoli VALUES ('P-31', 'F-31', 'C-18', '2019-08-18', '2019-09-18', 3, false);
INSERT INTO public.provoli VALUES ('P-32', 'F-27', 'C-10', '2019-07-07', '2019-08-07', 3, false);
INSERT INTO public.provoli VALUES ('P-33', 'F-35', 'C-12', '2019-08-06', '2019-09-06', 3, false);
INSERT INTO public.provoli VALUES ('P-34', 'F-47', 'C-17', '2019-06-26', '2019-07-26', 3, false);
INSERT INTO public.provoli VALUES ('P-35', 'F-15', 'C-20', '2019-07-08', '2019-08-09', 3, false);
INSERT INTO public.provoli VALUES ('P-36', 'F-49', 'C-25', '2019-06-28', '2019-07-28', 3, false);
INSERT INTO public.provoli VALUES ('P-37', 'F-42', 'C-10', '2019-08-08', '2019-09-08', 3, false);
INSERT INTO public.provoli VALUES ('P-80', 'F-33', 'C-14', '2019-08-10', '2019-09-10', 3, false);
INSERT INTO public.provoli VALUES ('P-81', 'F-35', 'C-17', '2019-08-26', '2019-09-27', 3, false);
INSERT INTO public.provoli VALUES ('P-82', 'F-39', 'C-19', '2019-07-13', '2019-08-13', 3, false);
INSERT INTO public.provoli VALUES ('P-1', 'F-15', 'C-5', '2019-06-05', '2019-07-05', 3, true);
INSERT INTO public.provoli VALUES ('P-394', 'F-36', 'C-18', '2019-06-08', '2019-07-08', 2, true);
INSERT INTO public.provoli VALUES ('P-21', 'F-42', 'C-16', '2019-08-20', '2019-09-21', 3, false);
INSERT INTO public.provoli VALUES ('P-22', 'F-16', 'C-28', '2019-06-16', '2019-07-16', 3, false);
INSERT INTO public.provoli VALUES ('P-23', 'F-42', 'C-28', '2019-06-25', '2019-07-25', 3, false);
INSERT INTO public.provoli VALUES ('P-46', 'F-2', 'C-3', '2019-08-10', '2019-09-10', 3, false);
INSERT INTO public.provoli VALUES ('P-47', 'F-50', 'C-25', '2019-06-14', '2019-07-14', 3, false);
INSERT INTO public.provoli VALUES ('P-48', 'F-39', 'C-28', '2019-07-16', '2019-08-16', 3, false);
INSERT INTO public.provoli VALUES ('P-49', 'F-17', 'C-25', '2019-07-12', '2019-08-12', 3, false);
INSERT INTO public.provoli VALUES ('P-90', 'F-35', 'C-8', '2019-07-28', '2019-08-28', 3, false);
INSERT INTO public.provoli VALUES ('P-91', 'F-17', 'C-9', '2019-08-15', '2019-09-15', 3, false);
INSERT INTO public.provoli VALUES ('P-92', 'F-24', 'C-15', '2019-06-30', '2019-07-30', 3, false);
INSERT INTO public.provoli VALUES ('P-93', 'F-14', 'C-19', '2019-07-19', '2019-08-19', 3, false);
INSERT INTO public.provoli VALUES ('P-94', 'F-26', 'C-10', '2019-08-13', '2019-09-13', 3, false);
INSERT INTO public.provoli VALUES ('P-95', 'F-9', 'C-25', '2019-07-14', '2019-08-14', 3, false);
INSERT INTO public.provoli VALUES ('P-356', 'F-21', 'C-19', '2019-08-03', '2019-09-03', 2, false);
INSERT INTO public.provoli VALUES ('P-357', 'F-35', 'C-18', '2019-07-29', '2019-08-30', 2, false);
INSERT INTO public.provoli VALUES ('P-358', 'F-5', 'C-6', '2019-06-19', '2019-07-19', 2, false);
INSERT INTO public.provoli VALUES ('P-359', 'F-33', 'C-4', '2019-07-31', '2019-08-31', 2, false);
INSERT INTO public.provoli VALUES ('P-360', 'F-18', 'C-5', '2019-08-26', '2019-09-26', 2, false);
INSERT INTO public.provoli VALUES ('P-361', 'F-42', 'C-17', '2019-08-14', '2019-09-14', 2, false);
INSERT INTO public.provoli VALUES ('P-362', 'F-50', 'C-18', '2019-07-11', '2019-08-11', 2, false);
INSERT INTO public.provoli VALUES ('P-316', 'F-30', 'C-28', '2019-07-19', '2019-08-19', 2, false);
INSERT INTO public.provoli VALUES ('P-317', 'F-25', 'C-20', '2019-08-26', '2019-09-27', 2, false);
INSERT INTO public.provoli VALUES ('P-318', 'F-5', 'C-27', '2019-07-30', '2019-08-31', 2, false);
INSERT INTO public.provoli VALUES ('P-319', 'F-17', 'C-7', '2019-06-28', '2019-07-28', 2, false);
INSERT INTO public.provoli VALUES ('P-320', 'F-31', 'C-25', '2019-06-29', '2019-07-29', 2, false);
INSERT INTO public.provoli VALUES ('P-321', 'F-44', 'C-16', '2019-08-21', '2019-09-21', 2, false);
INSERT INTO public.provoli VALUES ('P-322', 'F-6', 'C-4', '2019-06-15', '2019-07-15', 2, false);
INSERT INTO public.provoli VALUES ('P-323', 'F-32', 'C-3', '2019-06-26', '2019-07-26', 2, false);
INSERT INTO public.provoli VALUES ('P-324', 'F-37', 'C-1', '2019-08-08', '2019-09-08', 2, false);
INSERT INTO public.provoli VALUES ('P-325', 'F-6', 'C-14', '2019-08-28', '2019-09-29', 2, false);
INSERT INTO public.provoli VALUES ('P-326', 'F-7', 'C-13', '2019-06-30', '2019-07-30', 2, false);
INSERT INTO public.provoli VALUES ('P-59', 'F-49', 'C-6', '2019-08-18', '2019-09-18', 3, false);
INSERT INTO public.provoli VALUES ('P-60', 'F-35', 'C-5', '2019-06-30', '2019-07-30', 3, false);
INSERT INTO public.provoli VALUES ('P-62', 'F-38', 'C-18', '2019-06-26', '2019-07-26', 3, false);
INSERT INTO public.provoli VALUES ('P-63', 'F-36', 'C-28', '2019-07-21', '2019-08-21', 3, false);
INSERT INTO public.provoli VALUES ('P-234', 'F-45', 'C-29', '2019-07-28', '2019-08-28', 2, false);
INSERT INTO public.provoli VALUES ('P-235', 'F-26', 'C-7', '2019-07-24', '2019-08-25', 2, false);
INSERT INTO public.provoli VALUES ('P-236', 'F-42', 'C-1', '2019-06-14', '2019-07-14', 2, false);
INSERT INTO public.provoli VALUES ('P-237', 'F-1', 'C-9', '2019-06-15', '2019-07-15', 2, false);
INSERT INTO public.provoli VALUES ('P-238', 'F-21', 'C-2', '2019-08-03', '2019-09-03', 2, false);
INSERT INTO public.provoli VALUES ('P-239', 'F-29', 'C-19', '2019-06-12', '2019-07-12', 2, false);
INSERT INTO public.provoli VALUES ('P-240', 'F-10', 'C-24', '2019-08-14', '2019-09-15', 2, false);
INSERT INTO public.provoli VALUES ('P-241', 'F-17', 'C-9', '2019-07-26', '2019-08-26', 2, false);
INSERT INTO public.provoli VALUES ('P-243', 'F-32', 'C-6', '2019-08-16', '2019-09-16', 2, false);
INSERT INTO public.provoli VALUES ('P-244', 'F-31', 'C-14', '2019-08-25', '2019-09-25', 2, false);
INSERT INTO public.provoli VALUES ('P-245', 'F-39', 'C-2', '2019-08-05', '2019-09-06', 2, false);
INSERT INTO public.provoli VALUES ('P-246', 'F-42', 'C-6', '2019-07-02', '2019-08-02', 2, false);
INSERT INTO public.provoli VALUES ('P-96', 'F-23', 'C-13', '2019-07-21', '2019-08-21', 3, false);
INSERT INTO public.provoli VALUES ('P-97', 'F-50', 'C-18', '2019-08-11', '2019-09-11', 3, false);
INSERT INTO public.provoli VALUES ('P-98', 'F-19', 'C-9', '2019-08-20', '2019-09-20', 3, false);
INSERT INTO public.provoli VALUES ('P-99', 'F-14', 'C-25', '2019-06-23', '2019-07-23', 3, false);
INSERT INTO public.provoli VALUES ('P-100', 'F-29', 'C-2', '2019-06-29', '2019-07-29', 3, false);
INSERT INTO public.provoli VALUES ('P-101', 'F-30', 'C-24', '2019-06-16', '2019-07-16', 3, false);
INSERT INTO public.provoli VALUES ('P-102', 'F-38', 'C-10', '2019-07-21', '2019-08-21', 3, false);
INSERT INTO public.provoli VALUES ('P-103', 'F-33', 'C-22', '2019-07-19', '2019-08-19', 3, false);
INSERT INTO public.provoli VALUES ('P-104', 'F-10', 'C-14', '2019-06-22', '2019-07-22', 3, false);
INSERT INTO public.provoli VALUES ('P-105', 'F-41', 'C-23', '2019-08-07', '2019-09-07', 3, false);
INSERT INTO public.provoli VALUES ('P-106', 'F-4', 'C-15', '2019-06-20', '2019-07-20', 3, false);
INSERT INTO public.provoli VALUES ('P-363', 'F-21', 'C-15', '2019-08-15', '2019-09-15', 2, false);
INSERT INTO public.provoli VALUES ('P-365', 'F-50', 'C-10', '2019-07-12', '2019-08-12', 2, false);
INSERT INTO public.provoli VALUES ('P-366', 'F-37', 'C-11', '2019-08-14', '2019-09-14', 2, false);
INSERT INTO public.provoli VALUES ('P-367', 'F-38', 'C-15', '2019-07-16', '2019-08-16', 2, false);
INSERT INTO public.provoli VALUES ('P-368', 'F-6', 'C-15', '2019-06-29', '2019-07-29', 2, false);
INSERT INTO public.provoli VALUES ('P-369', 'F-48', 'C-13', '2019-06-15', '2019-07-15', 2, false);
INSERT INTO public.provoli VALUES ('P-370', 'F-20', 'C-29', '2019-08-07', '2019-09-07', 2, false);
INSERT INTO public.provoli VALUES ('P-371', 'F-28', 'C-14', '2019-08-16', '2019-09-16', 2, false);
INSERT INTO public.provoli VALUES ('P-372', 'F-11', 'C-26', '2019-08-19', '2019-09-19', 2, false);
INSERT INTO public.provoli VALUES ('P-373', 'F-21', 'C-5', '2019-07-14', '2019-08-14', 2, false);
INSERT INTO public.provoli VALUES ('P-374', 'F-2', 'C-4', '2019-06-10', '2019-07-10', 2, false);
INSERT INTO public.provoli VALUES ('P-375', 'F-28', 'C-6', '2019-06-17', '2019-07-17', 2, false);
INSERT INTO public.provoli VALUES ('P-377', 'F-16', 'C-12', '2019-08-02', '2019-09-02', 2, false);
INSERT INTO public.provoli VALUES ('P-378', 'F-34', 'C-26', '2019-06-15', '2019-07-15', 2, false);
INSERT INTO public.provoli VALUES ('P-379', 'F-29', 'C-7', '2019-07-10', '2019-08-10', 2, false);
INSERT INTO public.provoli VALUES ('P-380', 'F-15', 'C-5', '2019-07-07', '2019-08-07', 2, false);
INSERT INTO public.provoli VALUES ('P-381', 'F-27', 'C-10', '2019-08-23', '2019-09-23', 2, false);
INSERT INTO public.provoli VALUES ('P-382', 'F-34', 'C-10', '2019-06-16', '2019-07-16', 2, false);
INSERT INTO public.provoli VALUES ('P-383', 'F-42', 'C-5', '2019-08-28', '2019-09-28', 2, false);
INSERT INTO public.provoli VALUES ('P-384', 'F-48', 'C-17', '2019-07-10', '2019-08-10', 2, false);
INSERT INTO public.provoli VALUES ('P-385', 'F-36', 'C-15', '2019-07-24', '2019-08-24', 2, false);
INSERT INTO public.provoli VALUES ('P-386', 'F-41', 'C-23', '2019-07-18', '2019-08-18', 2, false);
INSERT INTO public.provoli VALUES ('P-387', 'F-44', 'C-30', '2019-08-13', '2019-09-13', 2, false);
INSERT INTO public.provoli VALUES ('P-388', 'F-8', 'C-9', '2019-06-27', '2019-07-27', 2, false);
INSERT INTO public.provoli VALUES ('P-389', 'F-2', 'C-23', '2019-07-13', '2019-08-13', 2, false);
INSERT INTO public.provoli VALUES ('P-390', 'F-29', 'C-30', '2019-07-15', '2019-08-15', 2, false);
INSERT INTO public.provoli VALUES ('P-391', 'F-8', 'C-1', '2019-08-01', '2019-09-01', 2, false);
INSERT INTO public.provoli VALUES ('P-392', 'F-22', 'C-20', '2019-07-25', '2019-08-25', 2, false);
INSERT INTO public.provoli VALUES ('P-393', 'F-22', 'C-12', '2019-08-27', '2019-09-28', 2, false);
INSERT INTO public.provoli VALUES ('P-395', 'F-25', 'C-2', '2019-07-11', '2019-08-11', 2, false);
INSERT INTO public.provoli VALUES ('P-396', 'F-43', 'C-2', '2019-08-01', '2019-09-01', 2, false);
INSERT INTO public.provoli VALUES ('P-397', 'F-15', 'C-9', '2019-07-20', '2019-08-20', 2, false);
INSERT INTO public.provoli VALUES ('P-398', 'F-48', 'C-2', '2019-06-24', '2019-07-24', 2, false);
INSERT INTO public.provoli VALUES ('P-399', 'F-36', 'C-3', '2019-07-08', '2019-08-08', 2, false);
INSERT INTO public.provoli VALUES ('P-400', 'F-30', 'C-28', '2019-08-27', '2019-09-27', 2, false);
INSERT INTO public.provoli VALUES ('P-24', 'F-39', 'C-2', '2019-07-28', '2019-08-28', 3, false);
INSERT INTO public.provoli VALUES ('P-25', 'F-35', 'C-19', '2019-06-14', '2019-07-14', 3, false);
INSERT INTO public.provoli VALUES ('P-26', 'F-27', 'C-30', '2019-08-25', '2019-09-26', 3, false);
INSERT INTO public.provoli VALUES ('P-27', 'F-44', 'C-6', '2019-06-15', '2019-07-15', 3, false);
INSERT INTO public.provoli VALUES ('P-291', 'F-6', 'C-5', '2019-08-02', '2019-09-02', 2, false);
INSERT INTO public.provoli VALUES ('P-292', 'F-47', 'C-9', '2019-08-03', '2019-09-03', 2, false);
INSERT INTO public.provoli VALUES ('P-293', 'F-3', 'C-3', '2019-08-17', '2019-09-17', 2, false);
INSERT INTO public.provoli VALUES ('P-294', 'F-25', 'C-11', '2019-06-16', '2019-07-16', 2, false);
INSERT INTO public.provoli VALUES ('P-296', 'F-9', 'C-24', '2019-07-17', '2019-08-17', 2, false);
INSERT INTO public.provoli VALUES ('P-298', 'F-42', 'C-19', '2019-06-19', '2019-07-19', 2, false);
INSERT INTO public.provoli VALUES ('P-299', 'F-26', 'C-1', '2019-08-24', '2019-09-25', 2, false);
INSERT INTO public.provoli VALUES ('P-300', 'F-13', 'C-24', '2019-08-28', '2019-09-28', 2, false);
INSERT INTO public.provoli VALUES ('P-301', 'F-9', 'C-10', '2019-07-06', '2019-08-06', 2, false);
INSERT INTO public.provoli VALUES ('P-302', 'F-33', 'C-26', '2019-08-14', '2019-09-14', 2, false);
INSERT INTO public.provoli VALUES ('P-303', 'F-7', 'C-13', '2019-06-16', '2019-07-16', 2, false);
INSERT INTO public.provoli VALUES ('P-304', 'F-33', 'C-18', '2019-06-24', '2019-07-24', 2, false);
INSERT INTO public.provoli VALUES ('P-305', 'F-31', 'C-6', '2019-06-18', '2019-07-18', 2, false);
INSERT INTO public.provoli VALUES ('P-307', 'F-36', 'C-22', '2019-08-28', '2019-09-28', 2, false);
INSERT INTO public.provoli VALUES ('P-308', 'F-31', 'C-17', '2019-08-06', '2019-09-06', 2, false);
INSERT INTO public.provoli VALUES ('P-309', 'F-17', 'C-19', '2019-07-13', '2019-08-13', 2, false);
INSERT INTO public.provoli VALUES ('P-310', 'F-20', 'C-27', '2019-08-15', '2019-09-16', 2, false);
INSERT INTO public.provoli VALUES ('P-311', 'F-37', 'C-22', '2019-07-22', '2019-08-22', 2, false);
INSERT INTO public.provoli VALUES ('P-312', 'F-16', 'C-7', '2019-08-22', '2019-09-22', 2, false);
INSERT INTO public.provoli VALUES ('P-313', 'F-16', 'C-6', '2019-08-01', '2019-09-01', 2, false);
INSERT INTO public.provoli VALUES ('P-314', 'F-21', 'C-18', '2019-07-28', '2019-08-28', 2, false);
INSERT INTO public.provoli VALUES ('P-315', 'F-45', 'C-27', '2019-08-20', '2019-09-20', 2, false);
INSERT INTO public.provoli VALUES ('P-107', 'F-22', 'C-16', '2019-07-19', '2019-08-19', 3, false);
INSERT INTO public.provoli VALUES ('P-108', 'F-11', 'C-27', '2019-07-29', '2019-08-29', 3, false);
INSERT INTO public.provoli VALUES ('P-109', 'F-23', 'C-6', '2019-07-31', '2019-08-31', 3, false);
INSERT INTO public.provoli VALUES ('P-110', 'F-13', 'C-14', '2019-08-27', '2019-09-27', 3, false);
INSERT INTO public.provoli VALUES ('P-111', 'F-38', 'C-26', '2019-06-18', '2019-07-18', 3, false);
INSERT INTO public.provoli VALUES ('P-112', 'F-38', 'C-27', '2019-08-17', '2019-09-17', 3, false);
INSERT INTO public.provoli VALUES ('P-113', 'F-11', 'C-5', '2019-08-15', '2019-09-16', 3, false);
INSERT INTO public.provoli VALUES ('P-114', 'F-10', 'C-17', '2019-07-13', '2019-08-13', 3, false);
INSERT INTO public.provoli VALUES ('P-115', 'F-2', 'C-22', '2019-08-01', '2019-09-01', 3, false);
INSERT INTO public.provoli VALUES ('P-116', 'F-47', 'C-29', '2019-07-14', '2019-08-14', 3, false);
INSERT INTO public.provoli VALUES ('P-117', 'F-20', 'C-22', '2019-06-22', '2019-07-22', 3, false);
INSERT INTO public.provoli VALUES ('P-118', 'F-28', 'C-8', '2019-07-11', '2019-08-11', 3, false);
INSERT INTO public.provoli VALUES ('P-120', 'F-11', 'C-3', '2019-07-14', '2019-08-14', 3, false);
INSERT INTO public.provoli VALUES ('P-2', 'F-32', 'C-26', '2019-06-21', '2019-07-21', 3, false);
INSERT INTO public.provoli VALUES ('P-3', 'F-39', 'C-13', '2019-08-09', '2019-09-09', 3, false);
INSERT INTO public.provoli VALUES ('P-4', 'F-33', 'C-19', '2019-06-12', '2019-07-12', 3, false);
INSERT INTO public.provoli VALUES ('P-5', 'F-40', 'C-5', '2019-06-13', '2019-07-13', 3, false);
INSERT INTO public.provoli VALUES ('P-6', 'F-42', 'C-29', '2019-06-21', '2019-07-21', 3, false);
INSERT INTO public.provoli VALUES ('P-121', 'F-31', 'C-19', '2019-07-12', '2019-08-12', 3, false);
INSERT INTO public.provoli VALUES ('P-122', 'F-31', 'C-13', '2019-08-19', '2019-09-19', 3, false);
INSERT INTO public.provoli VALUES ('P-123', 'F-38', 'C-11', '2019-06-12', '2019-07-12', 3, false);
INSERT INTO public.provoli VALUES ('P-124', 'F-2', 'C-1', '2019-08-29', '2019-09-29', 3, false);
INSERT INTO public.provoli VALUES ('P-132', 'F-21', 'C-16', '2019-08-28', '2019-09-28', 3, false);
INSERT INTO public.provoli VALUES ('P-133', 'F-20', 'C-4', '2019-08-29', '2019-09-29', 3, false);
INSERT INTO public.provoli VALUES ('P-134', 'F-48', 'C-28', '2019-08-24', '2019-09-24', 3, false);
INSERT INTO public.provoli VALUES ('P-135', 'F-8', 'C-21', '2019-07-01', '2019-08-01', 3, false);
INSERT INTO public.provoli VALUES ('P-136', 'F-32', 'C-11', '2019-07-05', '2019-08-05', 3, false);
INSERT INTO public.provoli VALUES ('P-137', 'F-35', 'C-6', '2019-08-07', '2019-09-07', 3, false);
INSERT INTO public.provoli VALUES ('P-138', 'F-3', 'C-16', '2019-08-16', '2019-09-16', 3, false);
INSERT INTO public.provoli VALUES ('P-139', 'F-19', 'C-2', '2019-07-05', '2019-08-05', 3, false);
INSERT INTO public.provoli VALUES ('P-140', 'F-14', 'C-29', '2019-06-15', '2019-07-15', 3, false);
INSERT INTO public.provoli VALUES ('P-141', 'F-31', 'C-9', '2019-08-29', '2019-09-29', 3, false);
INSERT INTO public.provoli VALUES ('P-142', 'F-38', 'C-8', '2019-07-15', '2019-08-15', 3, false);
INSERT INTO public.provoli VALUES ('P-143', 'F-6', 'C-15', '2019-07-30', '2019-08-30', 3, false);
INSERT INTO public.provoli VALUES ('P-146', 'F-20', 'C-23', '2019-07-03', '2019-08-03', 3, false);
INSERT INTO public.provoli VALUES ('P-147', 'F-27', 'C-27', '2019-06-26', '2019-07-26', 3, false);
INSERT INTO public.provoli VALUES ('P-131', 'F-8', 'C-23', '2019-08-18', '2019-09-18', 3, false);
INSERT INTO public.provoli VALUES ('P-148', 'F-4', 'C-10', '2019-07-15', '2019-08-15', 3, false);
INSERT INTO public.provoli VALUES ('P-149', 'F-24', 'C-24', '2019-07-31', '2019-08-31', 3, false);
INSERT INTO public.provoli VALUES ('P-150', 'F-35', 'C-13', '2019-06-19', '2019-07-19', 3, false);
INSERT INTO public.provoli VALUES ('P-152', 'F-11', 'C-24', '2019-07-19', '2019-08-19', 3, false);
INSERT INTO public.provoli VALUES ('P-153', 'F-24', 'C-29', '2019-06-29', '2019-07-29', 3, false);
INSERT INTO public.provoli VALUES ('P-154', 'F-9', 'C-10', '2019-06-20', '2019-07-20', 3, false);
INSERT INTO public.provoli VALUES ('P-155', 'F-19', 'C-10', '2019-06-19', '2019-07-19', 3, false);
INSERT INTO public.provoli VALUES ('P-157', 'F-25', 'C-16', '2019-07-12', '2019-08-12', 3, false);
INSERT INTO public.provoli VALUES ('P-158', 'F-41', 'C-9', '2019-08-18', '2019-09-18', 3, false);
INSERT INTO public.provoli VALUES ('P-159', 'F-8', 'C-23', '2019-08-20', '2019-09-20', 3, false);
INSERT INTO public.provoli VALUES ('P-160', 'F-48', 'C-3', '2019-08-25', '2019-09-25', 3, false);
INSERT INTO public.provoli VALUES ('P-161', 'F-50', 'C-1', '2019-07-02', '2019-08-02', 3, false);
INSERT INTO public.provoli VALUES ('P-162', 'F-38', 'C-23', '2019-08-08', '2019-09-08', 3, false);
INSERT INTO public.provoli VALUES ('P-163', 'F-35', 'C-21', '2019-06-28', '2019-07-28', 3, false);
INSERT INTO public.provoli VALUES ('P-164', 'F-22', 'C-19', '2019-07-14', '2019-08-14', 3, false);
INSERT INTO public.provoli VALUES ('P-165', 'F-31', 'C-11', '2019-07-27', '2019-08-27', 3, false);
INSERT INTO public.provoli VALUES ('P-166', 'F-21', 'C-6', '2019-07-26', '2019-08-26', 3, false);
INSERT INTO public.provoli VALUES ('P-167', 'F-10', 'C-11', '2019-07-07', '2019-08-07', 3, false);
INSERT INTO public.provoli VALUES ('P-168', 'F-31', 'C-28', '2019-06-21', '2019-07-21', 3, false);
INSERT INTO public.provoli VALUES ('P-169', 'F-42', 'C-18', '2019-08-20', '2019-09-21', 3, false);
INSERT INTO public.provoli VALUES ('P-170', 'F-33', 'C-21', '2019-08-17', '2019-09-17', 3, false);
INSERT INTO public.provoli VALUES ('P-171', 'F-50', 'C-22', '2019-07-15', '2019-08-15', 3, false);
INSERT INTO public.provoli VALUES ('P-172', 'F-10', 'C-6', '2019-06-27', '2019-07-27', 3, false);
INSERT INTO public.provoli VALUES ('P-173', 'F-17', 'C-23', '2019-08-25', '2019-09-25', 3, false);
INSERT INTO public.provoli VALUES ('P-174', 'F-33', 'C-25', '2019-07-15', '2019-08-15', 3, false);
INSERT INTO public.provoli VALUES ('P-175', 'F-50', 'C-16', '2019-08-19', '2019-09-19', 3, false);
INSERT INTO public.provoli VALUES ('P-176', 'F-46', 'C-8', '2019-06-16', '2019-07-16', 3, false);
INSERT INTO public.provoli VALUES ('P-177', 'F-42', 'C-7', '2019-08-16', '2019-09-16', 3, false);
INSERT INTO public.provoli VALUES ('P-178', 'F-48', 'C-17', '2019-07-11', '2019-08-12', 3, false);
INSERT INTO public.provoli VALUES ('P-179', 'F-50', 'C-25', '2019-08-27', '2019-09-27', 3, false);
INSERT INTO public.provoli VALUES ('P-180', 'F-40', 'C-29', '2019-06-30', '2019-07-30', 3, false);
INSERT INTO public.provoli VALUES ('P-181', 'F-41', 'C-22', '2019-06-18', '2019-07-18', 3, false);
INSERT INTO public.provoli VALUES ('P-182', 'F-31', 'C-9', '2019-08-20', '2019-09-20', 3, false);
INSERT INTO public.provoli VALUES ('P-183', 'F-3', 'C-17', '2019-07-23', '2019-08-24', 3, false);
INSERT INTO public.provoli VALUES ('P-184', 'F-15', 'C-25', '2019-08-02', '2019-09-02', 3, false);
INSERT INTO public.provoli VALUES ('P-185', 'F-20', 'C-12', '2019-08-07', '2019-09-07', 3, false);
INSERT INTO public.provoli VALUES ('P-186', 'F-28', 'C-9', '2019-06-27', '2019-07-27', 3, false);
INSERT INTO public.provoli VALUES ('P-187', 'F-12', 'C-11', '2019-06-24', '2019-07-24', 3, false);
INSERT INTO public.provoli VALUES ('P-188', 'F-45', 'C-9', '2019-06-11', '2019-07-11', 3, false);
INSERT INTO public.provoli VALUES ('P-189', 'F-3', 'C-30', '2019-08-17', '2019-09-17', 3, false);
INSERT INTO public.provoli VALUES ('P-190', 'F-1', 'C-14', '2019-07-22', '2019-08-22', 3, false);
INSERT INTO public.provoli VALUES ('P-191', 'F-21', 'C-30', '2019-06-22', '2019-07-22', 3, false);
INSERT INTO public.provoli VALUES ('P-192', 'F-37', 'C-3', '2019-07-20', '2019-08-20', 3, false);
INSERT INTO public.provoli VALUES ('P-193', 'F-38', 'C-29', '2019-08-22', '2019-09-22', 3, false);
INSERT INTO public.provoli VALUES ('P-194', 'F-39', 'C-8', '2019-07-23', '2019-08-24', 3, false);
INSERT INTO public.provoli VALUES ('P-195', 'F-2', 'C-11', '2019-08-22', '2019-09-23', 3, false);
INSERT INTO public.provoli VALUES ('P-196', 'F-49', 'C-25', '2019-06-21', '2019-07-21', 3, false);
INSERT INTO public.provoli VALUES ('P-197', 'F-3', 'C-28', '2019-06-15', '2019-07-15', 3, false);
INSERT INTO public.provoli VALUES ('P-198', 'F-46', 'C-24', '2019-08-05', '2019-09-06', 3, false);
INSERT INTO public.provoli VALUES ('P-199', 'F-20', 'C-16', '2019-07-13', '2019-08-13', 3, false);
INSERT INTO public.provoli VALUES ('P-200', 'F-33', 'C-7', '2019-08-10', '2019-09-10', 3, false);
INSERT INTO public.provoli VALUES ('P-201', 'F-31', 'C-12', '2019-08-25', '2019-09-25', 2, false);
INSERT INTO public.provoli VALUES ('P-202', 'F-39', 'C-24', '2019-08-01', '2019-09-01', 2, false);
INSERT INTO public.provoli VALUES ('P-204', 'F-32', 'C-28', '2019-08-10', '2019-09-10', 2, false);
INSERT INTO public.provoli VALUES ('P-205', 'F-47', 'C-29', '2019-07-19', '2019-08-19', 2, false);
INSERT INTO public.provoli VALUES ('P-206', 'F-49', 'C-21', '2019-06-30', '2019-07-30', 2, false);
INSERT INTO public.provoli VALUES ('P-207', 'F-15', 'C-15', '2019-08-17', '2019-09-17', 2, false);
INSERT INTO public.provoli VALUES ('P-208', 'F-37', 'C-26', '2019-07-16', '2019-08-16', 2, false);
INSERT INTO public.provoli VALUES ('P-209', 'F-34', 'C-2', '2019-06-25', '2019-07-25', 2, false);
INSERT INTO public.provoli VALUES ('P-210', 'F-25', 'C-5', '2019-07-11', '2019-08-11', 2, false);
INSERT INTO public.provoli VALUES ('P-211', 'F-13', 'C-21', '2019-06-20', '2019-07-20', 2, false);
INSERT INTO public.provoli VALUES ('P-212', 'F-25', 'C-11', '2019-08-09', '2019-09-09', 2, false);
INSERT INTO public.provoli VALUES ('P-213', 'F-17', 'C-25', '2019-07-14', '2019-08-14', 2, false);
INSERT INTO public.provoli VALUES ('P-214', 'F-18', 'C-30', '2019-07-20', '2019-08-20', 2, false);
INSERT INTO public.provoli VALUES ('P-215', 'F-37', 'C-13', '2019-08-23', '2019-09-23', 2, false);
INSERT INTO public.provoli VALUES ('P-216', 'F-17', 'C-8', '2019-06-23', '2019-07-24', 2, false);
INSERT INTO public.provoli VALUES ('P-217', 'F-48', 'C-13', '2019-08-06', '2019-09-06', 2, false);
INSERT INTO public.provoli VALUES ('P-218', 'F-50', 'C-30', '2019-07-06', '2019-08-06', 2, false);
INSERT INTO public.provoli VALUES ('P-219', 'F-18', 'C-22', '2019-07-17', '2019-08-17', 2, false);
INSERT INTO public.provoli VALUES ('P-220', 'F-2', 'C-18', '2019-07-20', '2019-08-20', 2, false);
INSERT INTO public.provoli VALUES ('P-221', 'F-35', 'C-30', '2019-07-29', '2019-08-29', 2, false);
INSERT INTO public.provoli VALUES ('P-222', 'F-42', 'C-2', '2019-07-06', '2019-08-06', 2, false);
INSERT INTO public.provoli VALUES ('P-224', 'F-50', 'C-11', '2019-07-07', '2019-08-07', 2, false);
INSERT INTO public.provoli VALUES ('P-225', 'F-31', 'C-28', '2019-08-23', '2019-09-23', 2, false);
INSERT INTO public.provoli VALUES ('P-226', 'F-34', 'C-30', '2019-06-14', '2019-07-14', 2, false);
INSERT INTO public.provoli VALUES ('P-227', 'F-45', 'C-23', '2019-08-18', '2019-09-18', 2, false);
INSERT INTO public.provoli VALUES ('P-228', 'F-34', 'C-4', '2019-06-28', '2019-07-28', 2, false);
INSERT INTO public.provoli VALUES ('P-229', 'F-21', 'C-10', '2019-07-06', '2019-08-06', 2, false);
INSERT INTO public.provoli VALUES ('P-230', 'F-16', 'C-20', '2019-07-15', '2019-08-15', 2, false);
INSERT INTO public.provoli VALUES ('P-231', 'F-30', 'C-2', '2019-07-01', '2019-08-01', 2, false);
INSERT INTO public.provoli VALUES ('P-232', 'F-10', 'C-29', '2019-08-17', '2019-09-17', 2, false);
INSERT INTO public.provoli VALUES ('P-233', 'F-4', 'C-19', '2019-07-08', '2019-08-08', 2, false);
INSERT INTO public.provoli VALUES ('P-287', 'F-41', 'C-7', '2019-07-29', '2019-08-29', 2, false);
INSERT INTO public.provoli VALUES ('P-288', 'F-16', 'C-13', '2019-07-08', '2019-08-08', 2, false);
INSERT INTO public.provoli VALUES ('P-289', 'F-19', 'C-4', '2019-07-03', '2019-08-04', 2, false);
INSERT INTO public.provoli VALUES ('P-290', 'F-33', 'C-26', '2019-07-03', '2019-08-03', 2, false);
INSERT INTO public.provoli VALUES ('P-327', 'F-12', 'C-24', '2019-06-29', '2019-07-30', 2, false);
INSERT INTO public.provoli VALUES ('P-328', 'F-31', 'C-30', '2019-06-25', '2019-07-25', 2, false);
INSERT INTO public.provoli VALUES ('P-329', 'F-33', 'C-22', '2019-08-27', '2019-09-27', 2, false);
INSERT INTO public.provoli VALUES ('P-330', 'F-20', 'C-10', '2019-07-16', '2019-08-16', 2, false);
INSERT INTO public.provoli VALUES ('P-331', 'F-46', 'C-12', '2019-08-29', '2019-09-29', 2, false);
INSERT INTO public.provoli VALUES ('P-333', 'F-36', 'C-5', '2019-08-04', '2019-09-05', 2, false);
INSERT INTO public.provoli VALUES ('P-334', 'F-3', 'C-17', '2019-07-18', '2019-08-18', 2, false);
INSERT INTO public.provoli VALUES ('P-335', 'F-2', 'C-13', '2019-08-29', '2019-09-29', 2, false);
INSERT INTO public.provoli VALUES ('P-336', 'F-11', 'C-30', '2019-08-10', '2019-09-10', 2, false);
INSERT INTO public.provoli VALUES ('P-337', 'F-21', 'C-1', '2019-08-16', '2019-09-16', 2, false);
INSERT INTO public.provoli VALUES ('P-338', 'F-20', 'C-8', '2019-07-15', '2019-08-15', 2, false);
INSERT INTO public.provoli VALUES ('P-339', 'F-6', 'C-3', '2019-07-28', '2019-08-28', 2, false);
INSERT INTO public.provoli VALUES ('P-340', 'F-23', 'C-4', '2019-07-26', '2019-08-26', 2, false);
INSERT INTO public.provoli VALUES ('P-341', 'F-11', 'C-11', '2019-07-01', '2019-08-01', 2, false);
INSERT INTO public.provoli VALUES ('P-342', 'F-17', 'C-20', '2019-08-04', '2019-09-04', 2, false);
INSERT INTO public.provoli VALUES ('P-343', 'F-26', 'C-14', '2019-08-05', '2019-09-05', 2, false);
INSERT INTO public.provoli VALUES ('P-344', 'F-23', 'C-23', '2019-06-19', '2019-07-19', 2, false);
INSERT INTO public.provoli VALUES ('P-345', 'F-10', 'C-12', '2019-08-11', '2019-09-11', 2, false);
INSERT INTO public.provoli VALUES ('P-346', 'F-47', 'C-1', '2019-08-22', '2019-09-22', 2, false);
INSERT INTO public.provoli VALUES ('P-347', 'F-27', 'C-5', '2019-06-30', '2019-07-30', 2, false);
INSERT INTO public.provoli VALUES ('P-348', 'F-47', 'C-9', '2019-08-13', '2019-09-13', 2, false);
INSERT INTO public.provoli VALUES ('P-349', 'F-7', 'C-27', '2019-07-26', '2019-08-26', 2, false);
INSERT INTO public.provoli VALUES ('P-350', 'F-24', 'C-15', '2019-07-12', '2019-08-12', 2, false);
INSERT INTO public.provoli VALUES ('P-351', 'F-49', 'C-14', '2019-08-21', '2019-09-22', 2, false);
INSERT INTO public.provoli VALUES ('P-352', 'F-19', 'C-3', '2019-06-10', '2019-07-10', 2, false);
INSERT INTO public.provoli VALUES ('P-353', 'F-6', 'C-22', '2019-07-24', '2019-08-24', 2, false);
INSERT INTO public.provoli VALUES ('P-354', 'F-49', 'C-30', '2019-06-27', '2019-07-27', 2, false);
INSERT INTO public.provoli VALUES ('P-355', 'F-40', 'C-23', '2019-08-24', '2019-09-24', 2, false);


--
-- TOC entry 2857 (class 0 OID 16518)
-- Dependencies: 202
-- Data for Name: reservation; Type: TABLE DATA; Schema: public; Owner: postgres
--

INSERT INTO public.reservation VALUES ('R-1', 'P-1', 1);
INSERT INTO public.reservation VALUES ('R-2', 'P-2', 1);
INSERT INTO public.reservation VALUES ('R-3', 'P-3', 1);
INSERT INTO public.reservation VALUES ('R-4', 'P-4', 1);
INSERT INTO public.reservation VALUES ('R-5', 'P-5', 1);
INSERT INTO public.reservation VALUES ('R-6', 'P-6', 1);
INSERT INTO public.reservation VALUES ('R-7', 'P-7', 1);
INSERT INTO public.reservation VALUES ('R-8', 'P-8', 1);
INSERT INTO public.reservation VALUES ('R-9', 'P-9', 1);
INSERT INTO public.reservation VALUES ('R-10', 'P-10', 1);
INSERT INTO public.reservation VALUES ('R-11', 'P-11', 1);
INSERT INTO public.reservation VALUES ('R-12', 'P-12', 1);
INSERT INTO public.reservation VALUES ('R-13', 'P-13', 1);
INSERT INTO public.reservation VALUES ('R-14', 'P-14', 1);
INSERT INTO public.reservation VALUES ('R-15', 'P-15', 1);
INSERT INTO public.reservation VALUES ('R-16', 'P-16', 1);
INSERT INTO public.reservation VALUES ('R-17', 'P-17', 1);
INSERT INTO public.reservation VALUES ('R-18', 'P-18', 1);
INSERT INTO public.reservation VALUES ('R-19', 'P-19', 1);
INSERT INTO public.reservation VALUES ('R-20', 'P-20', 1);
INSERT INTO public.reservation VALUES ('R-21', 'P-21', 1);
INSERT INTO public.reservation VALUES ('R-22', 'P-22', 1);
INSERT INTO public.reservation VALUES ('R-23', 'P-23', 1);
INSERT INTO public.reservation VALUES ('R-24', 'P-24', 1);
INSERT INTO public.reservation VALUES ('R-25', 'P-25', 1);
INSERT INTO public.reservation VALUES ('R-26', 'P-26', 1);
INSERT INTO public.reservation VALUES ('R-27', 'P-27', 1);
INSERT INTO public.reservation VALUES ('R-28', 'P-28', 1);
INSERT INTO public.reservation VALUES ('R-29', 'P-29', 1);
INSERT INTO public.reservation VALUES ('R-30', 'P-30', 1);
INSERT INTO public.reservation VALUES ('R-31', 'P-31', 1);
INSERT INTO public.reservation VALUES ('R-32', 'P-32', 1);
INSERT INTO public.reservation VALUES ('R-33', 'P-33', 1);
INSERT INTO public.reservation VALUES ('R-34', 'P-34', 1);
INSERT INTO public.reservation VALUES ('R-35', 'P-35', 1);
INSERT INTO public.reservation VALUES ('R-36', 'P-36', 1);
INSERT INTO public.reservation VALUES ('R-37', 'P-37', 1);
INSERT INTO public.reservation VALUES ('R-38', 'P-38', 1);
INSERT INTO public.reservation VALUES ('R-39', 'P-39', 1);
INSERT INTO public.reservation VALUES ('R-40', 'P-40', 1);
INSERT INTO public.reservation VALUES ('R-41', 'P-41', 1);
INSERT INTO public.reservation VALUES ('R-42', 'P-42', 1);
INSERT INTO public.reservation VALUES ('R-43', 'P-43', 1);
INSERT INTO public.reservation VALUES ('R-44', 'P-44', 1);
INSERT INTO public.reservation VALUES ('R-45', 'P-45', 1);
INSERT INTO public.reservation VALUES ('R-46', 'P-46', 1);
INSERT INTO public.reservation VALUES ('R-47', 'P-47', 1);
INSERT INTO public.reservation VALUES ('R-48', 'P-48', 1);
INSERT INTO public.reservation VALUES ('R-49', 'P-49', 1);
INSERT INTO public.reservation VALUES ('R-50', 'P-50', 1);
INSERT INTO public.reservation VALUES ('R-51', 'P-51', 1);
INSERT INTO public.reservation VALUES ('R-52', 'P-52', 1);
INSERT INTO public.reservation VALUES ('R-53', 'P-53', 1);
INSERT INTO public.reservation VALUES ('R-54', 'P-54', 1);
INSERT INTO public.reservation VALUES ('R-55', 'P-55', 1);
INSERT INTO public.reservation VALUES ('R-56', 'P-56', 1);
INSERT INTO public.reservation VALUES ('R-57', 'P-57', 1);
INSERT INTO public.reservation VALUES ('R-58', 'P-58', 1);
INSERT INTO public.reservation VALUES ('R-59', 'P-59', 1);
INSERT INTO public.reservation VALUES ('R-60', 'P-60', 1);
INSERT INTO public.reservation VALUES ('R-61', 'P-61', 1);
INSERT INTO public.reservation VALUES ('R-62', 'P-62', 1);
INSERT INTO public.reservation VALUES ('R-63', 'P-63', 1);
INSERT INTO public.reservation VALUES ('R-64', 'P-64', 1);
INSERT INTO public.reservation VALUES ('R-65', 'P-65', 1);
INSERT INTO public.reservation VALUES ('R-66', 'P-66', 1);
INSERT INTO public.reservation VALUES ('R-67', 'P-67', 1);
INSERT INTO public.reservation VALUES ('R-68', 'P-68', 1);
INSERT INTO public.reservation VALUES ('R-69', 'P-69', 1);
INSERT INTO public.reservation VALUES ('R-70', 'P-70', 1);
INSERT INTO public.reservation VALUES ('R-71', 'P-71', 1);
INSERT INTO public.reservation VALUES ('R-72', 'P-72', 1);
INSERT INTO public.reservation VALUES ('R-73', 'P-73', 1);
INSERT INTO public.reservation VALUES ('R-74', 'P-74', 1);
INSERT INTO public.reservation VALUES ('R-75', 'P-75', 1);
INSERT INTO public.reservation VALUES ('R-76', 'P-76', 1);
INSERT INTO public.reservation VALUES ('R-77', 'P-77', 1);
INSERT INTO public.reservation VALUES ('R-78', 'P-78', 1);
INSERT INTO public.reservation VALUES ('R-79', 'P-79', 1);
INSERT INTO public.reservation VALUES ('R-80', 'P-80', 1);
INSERT INTO public.reservation VALUES ('R-81', 'P-81', 1);
INSERT INTO public.reservation VALUES ('R-82', 'P-82', 1);
INSERT INTO public.reservation VALUES ('R-83', 'P-83', 1);
INSERT INTO public.reservation VALUES ('R-84', 'P-84', 1);
INSERT INTO public.reservation VALUES ('R-85', 'P-85', 1);
INSERT INTO public.reservation VALUES ('R-86', 'P-86', 1);
INSERT INTO public.reservation VALUES ('R-87', 'P-87', 1);
INSERT INTO public.reservation VALUES ('R-88', 'P-88', 1);
INSERT INTO public.reservation VALUES ('R-89', 'P-89', 1);
INSERT INTO public.reservation VALUES ('R-90', 'P-90', 1);
INSERT INTO public.reservation VALUES ('R-91', 'P-91', 1);
INSERT INTO public.reservation VALUES ('R-92', 'P-92', 1);
INSERT INTO public.reservation VALUES ('R-93', 'P-93', 1);
INSERT INTO public.reservation VALUES ('R-94', 'P-94', 1);
INSERT INTO public.reservation VALUES ('R-95', 'P-95', 1);
INSERT INTO public.reservation VALUES ('R-96', 'P-96', 1);
INSERT INTO public.reservation VALUES ('R-97', 'P-97', 1);
INSERT INTO public.reservation VALUES ('R-98', 'P-98', 1);
INSERT INTO public.reservation VALUES ('R-99', 'P-99', 1);
INSERT INTO public.reservation VALUES ('R-100', 'P-100', 1);
INSERT INTO public.reservation VALUES ('R-101', 'P-101', 1);
INSERT INTO public.reservation VALUES ('R-102', 'P-102', 1);
INSERT INTO public.reservation VALUES ('R-103', 'P-103', 1);
INSERT INTO public.reservation VALUES ('R-104', 'P-104', 1);
INSERT INTO public.reservation VALUES ('R-105', 'P-105', 1);
INSERT INTO public.reservation VALUES ('R-106', 'P-106', 1);
INSERT INTO public.reservation VALUES ('R-107', 'P-107', 1);
INSERT INTO public.reservation VALUES ('R-108', 'P-108', 1);
INSERT INTO public.reservation VALUES ('R-109', 'P-109', 1);
INSERT INTO public.reservation VALUES ('R-110', 'P-110', 1);
INSERT INTO public.reservation VALUES ('R-111', 'P-111', 1);
INSERT INTO public.reservation VALUES ('R-112', 'P-112', 1);
INSERT INTO public.reservation VALUES ('R-113', 'P-113', 1);
INSERT INTO public.reservation VALUES ('R-114', 'P-114', 1);
INSERT INTO public.reservation VALUES ('R-115', 'P-115', 1);
INSERT INTO public.reservation VALUES ('R-116', 'P-116', 1);
INSERT INTO public.reservation VALUES ('R-117', 'P-117', 1);
INSERT INTO public.reservation VALUES ('R-118', 'P-118', 1);
INSERT INTO public.reservation VALUES ('R-119', 'P-119', 1);
INSERT INTO public.reservation VALUES ('R-120', 'P-120', 1);
INSERT INTO public.reservation VALUES ('R-121', 'P-121', 1);
INSERT INTO public.reservation VALUES ('R-122', 'P-122', 1);
INSERT INTO public.reservation VALUES ('R-123', 'P-123', 1);
INSERT INTO public.reservation VALUES ('R-124', 'P-124', 1);
INSERT INTO public.reservation VALUES ('R-125', 'P-125', 1);
INSERT INTO public.reservation VALUES ('R-126', 'P-126', 1);
INSERT INTO public.reservation VALUES ('R-127', 'P-127', 1);
INSERT INTO public.reservation VALUES ('R-128', 'P-128', 1);
INSERT INTO public.reservation VALUES ('R-129', 'P-129', 1);
INSERT INTO public.reservation VALUES ('R-130', 'P-130', 1);
INSERT INTO public.reservation VALUES ('R-131', 'P-131', 1);
INSERT INTO public.reservation VALUES ('R-132', 'P-132', 1);
INSERT INTO public.reservation VALUES ('R-133', 'P-133', 1);
INSERT INTO public.reservation VALUES ('R-134', 'P-134', 1);
INSERT INTO public.reservation VALUES ('R-135', 'P-135', 1);
INSERT INTO public.reservation VALUES ('R-136', 'P-136', 1);
INSERT INTO public.reservation VALUES ('R-137', 'P-137', 1);
INSERT INTO public.reservation VALUES ('R-138', 'P-138', 1);
INSERT INTO public.reservation VALUES ('R-139', 'P-139', 1);
INSERT INTO public.reservation VALUES ('R-140', 'P-140', 1);
INSERT INTO public.reservation VALUES ('R-141', 'P-141', 1);
INSERT INTO public.reservation VALUES ('R-142', 'P-142', 1);
INSERT INTO public.reservation VALUES ('R-143', 'P-143', 1);
INSERT INTO public.reservation VALUES ('R-144', 'P-144', 1);
INSERT INTO public.reservation VALUES ('R-145', 'P-145', 1);
INSERT INTO public.reservation VALUES ('R-146', 'P-146', 1);
INSERT INTO public.reservation VALUES ('R-147', 'P-147', 1);
INSERT INTO public.reservation VALUES ('R-148', 'P-148', 1);
INSERT INTO public.reservation VALUES ('R-149', 'P-149', 1);
INSERT INTO public.reservation VALUES ('R-150', 'P-150', 1);
INSERT INTO public.reservation VALUES ('R-151', 'P-151', 1);
INSERT INTO public.reservation VALUES ('R-152', 'P-152', 1);
INSERT INTO public.reservation VALUES ('R-153', 'P-153', 1);
INSERT INTO public.reservation VALUES ('R-154', 'P-154', 1);
INSERT INTO public.reservation VALUES ('R-155', 'P-155', 1);
INSERT INTO public.reservation VALUES ('R-156', 'P-156', 1);
INSERT INTO public.reservation VALUES ('R-157', 'P-157', 1);
INSERT INTO public.reservation VALUES ('R-158', 'P-158', 1);
INSERT INTO public.reservation VALUES ('R-159', 'P-159', 1);
INSERT INTO public.reservation VALUES ('R-160', 'P-160', 1);
INSERT INTO public.reservation VALUES ('R-161', 'P-161', 1);
INSERT INTO public.reservation VALUES ('R-162', 'P-162', 1);
INSERT INTO public.reservation VALUES ('R-163', 'P-163', 1);
INSERT INTO public.reservation VALUES ('R-164', 'P-164', 1);
INSERT INTO public.reservation VALUES ('R-165', 'P-165', 1);
INSERT INTO public.reservation VALUES ('R-166', 'P-166', 1);
INSERT INTO public.reservation VALUES ('R-167', 'P-167', 1);
INSERT INTO public.reservation VALUES ('R-168', 'P-168', 1);
INSERT INTO public.reservation VALUES ('R-169', 'P-169', 1);
INSERT INTO public.reservation VALUES ('R-170', 'P-170', 1);
INSERT INTO public.reservation VALUES ('R-171', 'P-171', 1);
INSERT INTO public.reservation VALUES ('R-172', 'P-172', 1);
INSERT INTO public.reservation VALUES ('R-173', 'P-173', 1);
INSERT INTO public.reservation VALUES ('R-174', 'P-174', 1);
INSERT INTO public.reservation VALUES ('R-175', 'P-175', 1);
INSERT INTO public.reservation VALUES ('R-176', 'P-176', 1);
INSERT INTO public.reservation VALUES ('R-177', 'P-177', 1);
INSERT INTO public.reservation VALUES ('R-178', 'P-178', 1);
INSERT INTO public.reservation VALUES ('R-179', 'P-179', 1);
INSERT INTO public.reservation VALUES ('R-180', 'P-180', 1);
INSERT INTO public.reservation VALUES ('R-181', 'P-181', 1);
INSERT INTO public.reservation VALUES ('R-182', 'P-182', 1);
INSERT INTO public.reservation VALUES ('R-183', 'P-183', 1);
INSERT INTO public.reservation VALUES ('R-184', 'P-184', 1);
INSERT INTO public.reservation VALUES ('R-185', 'P-185', 1);
INSERT INTO public.reservation VALUES ('R-186', 'P-186', 1);
INSERT INTO public.reservation VALUES ('R-187', 'P-187', 1);
INSERT INTO public.reservation VALUES ('R-188', 'P-188', 1);
INSERT INTO public.reservation VALUES ('R-189', 'P-189', 1);
INSERT INTO public.reservation VALUES ('R-190', 'P-190', 1);
INSERT INTO public.reservation VALUES ('R-191', 'P-191', 1);
INSERT INTO public.reservation VALUES ('R-192', 'P-192', 1);
INSERT INTO public.reservation VALUES ('R-193', 'P-193', 1);
INSERT INTO public.reservation VALUES ('R-194', 'P-194', 1);
INSERT INTO public.reservation VALUES ('R-195', 'P-195', 1);
INSERT INTO public.reservation VALUES ('R-196', 'P-196', 1);
INSERT INTO public.reservation VALUES ('R-197', 'P-197', 1);
INSERT INTO public.reservation VALUES ('R-198', 'P-198', 1);
INSERT INTO public.reservation VALUES ('R-199', 'P-199', 1);
INSERT INTO public.reservation VALUES ('R-200', 'P-200', 1);
INSERT INTO public.reservation VALUES ('R-201', 'P-201', 1);
INSERT INTO public.reservation VALUES ('R-202', 'P-202', 1);
INSERT INTO public.reservation VALUES ('R-203', 'P-203', 1);
INSERT INTO public.reservation VALUES ('R-204', 'P-204', 1);
INSERT INTO public.reservation VALUES ('R-205', 'P-205', 1);
INSERT INTO public.reservation VALUES ('R-206', 'P-206', 1);
INSERT INTO public.reservation VALUES ('R-207', 'P-207', 1);
INSERT INTO public.reservation VALUES ('R-208', 'P-208', 1);
INSERT INTO public.reservation VALUES ('R-209', 'P-209', 1);
INSERT INTO public.reservation VALUES ('R-210', 'P-210', 1);
INSERT INTO public.reservation VALUES ('R-211', 'P-211', 1);
INSERT INTO public.reservation VALUES ('R-212', 'P-212', 1);
INSERT INTO public.reservation VALUES ('R-213', 'P-213', 1);
INSERT INTO public.reservation VALUES ('R-214', 'P-214', 1);
INSERT INTO public.reservation VALUES ('R-215', 'P-215', 1);
INSERT INTO public.reservation VALUES ('R-216', 'P-216', 1);
INSERT INTO public.reservation VALUES ('R-217', 'P-217', 1);
INSERT INTO public.reservation VALUES ('R-218', 'P-218', 1);
INSERT INTO public.reservation VALUES ('R-219', 'P-219', 1);
INSERT INTO public.reservation VALUES ('R-220', 'P-220', 1);
INSERT INTO public.reservation VALUES ('R-221', 'P-221', 1);
INSERT INTO public.reservation VALUES ('R-222', 'P-222', 1);
INSERT INTO public.reservation VALUES ('R-223', 'P-223', 1);
INSERT INTO public.reservation VALUES ('R-224', 'P-224', 1);
INSERT INTO public.reservation VALUES ('R-225', 'P-225', 1);
INSERT INTO public.reservation VALUES ('R-226', 'P-226', 1);
INSERT INTO public.reservation VALUES ('R-227', 'P-227', 1);
INSERT INTO public.reservation VALUES ('R-228', 'P-228', 1);
INSERT INTO public.reservation VALUES ('R-229', 'P-229', 1);
INSERT INTO public.reservation VALUES ('R-230', 'P-230', 1);
INSERT INTO public.reservation VALUES ('R-231', 'P-231', 1);
INSERT INTO public.reservation VALUES ('R-232', 'P-232', 1);
INSERT INTO public.reservation VALUES ('R-233', 'P-233', 1);
INSERT INTO public.reservation VALUES ('R-234', 'P-234', 1);
INSERT INTO public.reservation VALUES ('R-235', 'P-235', 1);
INSERT INTO public.reservation VALUES ('R-236', 'P-236', 1);
INSERT INTO public.reservation VALUES ('R-237', 'P-237', 1);
INSERT INTO public.reservation VALUES ('R-238', 'P-238', 1);
INSERT INTO public.reservation VALUES ('R-239', 'P-239', 1);
INSERT INTO public.reservation VALUES ('R-240', 'P-240', 1);
INSERT INTO public.reservation VALUES ('R-241', 'P-241', 1);
INSERT INTO public.reservation VALUES ('R-242', 'P-242', 1);
INSERT INTO public.reservation VALUES ('R-243', 'P-243', 1);
INSERT INTO public.reservation VALUES ('R-244', 'P-244', 1);
INSERT INTO public.reservation VALUES ('R-245', 'P-245', 1);
INSERT INTO public.reservation VALUES ('R-246', 'P-246', 1);
INSERT INTO public.reservation VALUES ('R-247', 'P-247', 1);
INSERT INTO public.reservation VALUES ('R-248', 'P-248', 1);
INSERT INTO public.reservation VALUES ('R-249', 'P-249', 1);
INSERT INTO public.reservation VALUES ('R-250', 'P-250', 1);
INSERT INTO public.reservation VALUES ('R-251', 'P-251', 1);
INSERT INTO public.reservation VALUES ('R-252', 'P-252', 1);
INSERT INTO public.reservation VALUES ('R-253', 'P-253', 1);
INSERT INTO public.reservation VALUES ('R-254', 'P-254', 1);
INSERT INTO public.reservation VALUES ('R-255', 'P-255', 1);
INSERT INTO public.reservation VALUES ('R-256', 'P-256', 1);
INSERT INTO public.reservation VALUES ('R-257', 'P-257', 1);
INSERT INTO public.reservation VALUES ('R-258', 'P-258', 1);
INSERT INTO public.reservation VALUES ('R-259', 'P-259', 1);
INSERT INTO public.reservation VALUES ('R-260', 'P-260', 1);
INSERT INTO public.reservation VALUES ('R-261', 'P-261', 1);
INSERT INTO public.reservation VALUES ('R-262', 'P-262', 1);
INSERT INTO public.reservation VALUES ('R-263', 'P-263', 1);
INSERT INTO public.reservation VALUES ('R-264', 'P-264', 1);
INSERT INTO public.reservation VALUES ('R-265', 'P-265', 1);
INSERT INTO public.reservation VALUES ('R-266', 'P-266', 1);
INSERT INTO public.reservation VALUES ('R-267', 'P-267', 1);
INSERT INTO public.reservation VALUES ('R-268', 'P-268', 1);
INSERT INTO public.reservation VALUES ('R-269', 'P-269', 1);
INSERT INTO public.reservation VALUES ('R-270', 'P-270', 1);
INSERT INTO public.reservation VALUES ('R-271', 'P-271', 1);
INSERT INTO public.reservation VALUES ('R-272', 'P-272', 1);
INSERT INTO public.reservation VALUES ('R-273', 'P-273', 1);
INSERT INTO public.reservation VALUES ('R-274', 'P-274', 1);
INSERT INTO public.reservation VALUES ('R-275', 'P-275', 1);
INSERT INTO public.reservation VALUES ('R-276', 'P-276', 1);
INSERT INTO public.reservation VALUES ('R-277', 'P-277', 1);
INSERT INTO public.reservation VALUES ('R-278', 'P-278', 1);
INSERT INTO public.reservation VALUES ('R-279', 'P-279', 1);
INSERT INTO public.reservation VALUES ('R-280', 'P-280', 1);
INSERT INTO public.reservation VALUES ('R-281', 'P-281', 1);
INSERT INTO public.reservation VALUES ('R-282', 'P-282', 1);
INSERT INTO public.reservation VALUES ('R-283', 'P-283', 1);
INSERT INTO public.reservation VALUES ('R-284', 'P-284', 1);
INSERT INTO public.reservation VALUES ('R-285', 'P-285', 1);
INSERT INTO public.reservation VALUES ('R-286', 'P-286', 1);
INSERT INTO public.reservation VALUES ('R-287', 'P-287', 1);
INSERT INTO public.reservation VALUES ('R-288', 'P-288', 1);
INSERT INTO public.reservation VALUES ('R-289', 'P-289', 1);
INSERT INTO public.reservation VALUES ('R-290', 'P-290', 1);
INSERT INTO public.reservation VALUES ('R-291', 'P-291', 1);
INSERT INTO public.reservation VALUES ('R-292', 'P-292', 1);
INSERT INTO public.reservation VALUES ('R-293', 'P-293', 1);
INSERT INTO public.reservation VALUES ('R-294', 'P-294', 1);
INSERT INTO public.reservation VALUES ('R-295', 'P-295', 1);
INSERT INTO public.reservation VALUES ('R-296', 'P-296', 1);
INSERT INTO public.reservation VALUES ('R-297', 'P-297', 1);
INSERT INTO public.reservation VALUES ('R-298', 'P-298', 1);
INSERT INTO public.reservation VALUES ('R-299', 'P-299', 1);
INSERT INTO public.reservation VALUES ('R-300', 'P-300', 1);
INSERT INTO public.reservation VALUES ('R-301', 'P-301', 1);
INSERT INTO public.reservation VALUES ('R-302', 'P-302', 1);
INSERT INTO public.reservation VALUES ('R-303', 'P-303', 1);
INSERT INTO public.reservation VALUES ('R-304', 'P-304', 1);
INSERT INTO public.reservation VALUES ('R-305', 'P-305', 1);
INSERT INTO public.reservation VALUES ('R-306', 'P-306', 1);
INSERT INTO public.reservation VALUES ('R-307', 'P-307', 1);
INSERT INTO public.reservation VALUES ('R-308', 'P-308', 1);
INSERT INTO public.reservation VALUES ('R-309', 'P-309', 1);
INSERT INTO public.reservation VALUES ('R-310', 'P-310', 1);
INSERT INTO public.reservation VALUES ('R-311', 'P-311', 1);
INSERT INTO public.reservation VALUES ('R-312', 'P-312', 1);
INSERT INTO public.reservation VALUES ('R-313', 'P-313', 1);
INSERT INTO public.reservation VALUES ('R-314', 'P-314', 1);
INSERT INTO public.reservation VALUES ('R-315', 'P-315', 1);
INSERT INTO public.reservation VALUES ('R-316', 'P-316', 1);
INSERT INTO public.reservation VALUES ('R-317', 'P-317', 1);
INSERT INTO public.reservation VALUES ('R-318', 'P-318', 1);
INSERT INTO public.reservation VALUES ('R-319', 'P-319', 1);
INSERT INTO public.reservation VALUES ('R-320', 'P-320', 1);
INSERT INTO public.reservation VALUES ('R-321', 'P-321', 1);
INSERT INTO public.reservation VALUES ('R-322', 'P-322', 1);
INSERT INTO public.reservation VALUES ('R-323', 'P-323', 1);
INSERT INTO public.reservation VALUES ('R-324', 'P-324', 1);
INSERT INTO public.reservation VALUES ('R-325', 'P-325', 1);
INSERT INTO public.reservation VALUES ('R-326', 'P-326', 1);
INSERT INTO public.reservation VALUES ('R-327', 'P-327', 1);
INSERT INTO public.reservation VALUES ('R-328', 'P-328', 1);
INSERT INTO public.reservation VALUES ('R-329', 'P-329', 1);
INSERT INTO public.reservation VALUES ('R-330', 'P-330', 1);
INSERT INTO public.reservation VALUES ('R-331', 'P-331', 1);
INSERT INTO public.reservation VALUES ('R-332', 'P-332', 1);
INSERT INTO public.reservation VALUES ('R-333', 'P-333', 1);
INSERT INTO public.reservation VALUES ('R-334', 'P-334', 1);
INSERT INTO public.reservation VALUES ('R-335', 'P-335', 1);
INSERT INTO public.reservation VALUES ('R-336', 'P-336', 1);
INSERT INTO public.reservation VALUES ('R-337', 'P-337', 1);
INSERT INTO public.reservation VALUES ('R-338', 'P-338', 1);
INSERT INTO public.reservation VALUES ('R-339', 'P-339', 1);
INSERT INTO public.reservation VALUES ('R-340', 'P-340', 1);
INSERT INTO public.reservation VALUES ('R-341', 'P-341', 1);
INSERT INTO public.reservation VALUES ('R-342', 'P-342', 1);
INSERT INTO public.reservation VALUES ('R-343', 'P-343', 1);
INSERT INTO public.reservation VALUES ('R-344', 'P-344', 1);
INSERT INTO public.reservation VALUES ('R-345', 'P-345', 1);
INSERT INTO public.reservation VALUES ('R-346', 'P-346', 1);
INSERT INTO public.reservation VALUES ('R-347', 'P-347', 1);
INSERT INTO public.reservation VALUES ('R-348', 'P-348', 1);
INSERT INTO public.reservation VALUES ('R-349', 'P-349', 1);
INSERT INTO public.reservation VALUES ('R-350', 'P-350', 1);
INSERT INTO public.reservation VALUES ('R-351', 'P-351', 1);
INSERT INTO public.reservation VALUES ('R-352', 'P-352', 1);
INSERT INTO public.reservation VALUES ('R-353', 'P-353', 1);
INSERT INTO public.reservation VALUES ('R-354', 'P-354', 1);
INSERT INTO public.reservation VALUES ('R-355', 'P-355', 1);
INSERT INTO public.reservation VALUES ('R-356', 'P-356', 1);
INSERT INTO public.reservation VALUES ('R-357', 'P-357', 1);
INSERT INTO public.reservation VALUES ('R-358', 'P-358', 1);
INSERT INTO public.reservation VALUES ('R-359', 'P-359', 1);
INSERT INTO public.reservation VALUES ('R-360', 'P-360', 1);
INSERT INTO public.reservation VALUES ('R-361', 'P-361', 1);
INSERT INTO public.reservation VALUES ('R-362', 'P-362', 1);
INSERT INTO public.reservation VALUES ('R-363', 'P-363', 1);
INSERT INTO public.reservation VALUES ('R-364', 'P-364', 1);
INSERT INTO public.reservation VALUES ('R-365', 'P-365', 1);
INSERT INTO public.reservation VALUES ('R-366', 'P-366', 1);
INSERT INTO public.reservation VALUES ('R-367', 'P-367', 1);
INSERT INTO public.reservation VALUES ('R-368', 'P-368', 1);
INSERT INTO public.reservation VALUES ('R-369', 'P-369', 1);
INSERT INTO public.reservation VALUES ('R-370', 'P-370', 1);
INSERT INTO public.reservation VALUES ('R-371', 'P-371', 1);
INSERT INTO public.reservation VALUES ('R-372', 'P-372', 1);
INSERT INTO public.reservation VALUES ('R-373', 'P-373', 1);
INSERT INTO public.reservation VALUES ('R-374', 'P-374', 1);
INSERT INTO public.reservation VALUES ('R-375', 'P-375', 1);
INSERT INTO public.reservation VALUES ('R-376', 'P-376', 1);
INSERT INTO public.reservation VALUES ('R-377', 'P-377', 1);
INSERT INTO public.reservation VALUES ('R-378', 'P-378', 1);
INSERT INTO public.reservation VALUES ('R-379', 'P-379', 1);
INSERT INTO public.reservation VALUES ('R-380', 'P-380', 1);
INSERT INTO public.reservation VALUES ('R-381', 'P-381', 1);
INSERT INTO public.reservation VALUES ('R-382', 'P-382', 1);
INSERT INTO public.reservation VALUES ('R-383', 'P-383', 1);
INSERT INTO public.reservation VALUES ('R-384', 'P-384', 1);
INSERT INTO public.reservation VALUES ('R-385', 'P-385', 1);
INSERT INTO public.reservation VALUES ('R-386', 'P-386', 1);
INSERT INTO public.reservation VALUES ('R-387', 'P-387', 1);
INSERT INTO public.reservation VALUES ('R-388', 'P-388', 1);
INSERT INTO public.reservation VALUES ('R-389', 'P-389', 1);
INSERT INTO public.reservation VALUES ('R-390', 'P-390', 1);
INSERT INTO public.reservation VALUES ('R-391', 'P-391', 1);
INSERT INTO public.reservation VALUES ('R-392', 'P-392', 1);
INSERT INTO public.reservation VALUES ('R-393', 'P-393', 1);
INSERT INTO public.reservation VALUES ('R-394', 'P-394', 1);
INSERT INTO public.reservation VALUES ('R-395', 'P-395', 1);
INSERT INTO public.reservation VALUES ('R-396', 'P-396', 1);
INSERT INTO public.reservation VALUES ('R-397', 'P-397', 1);
INSERT INTO public.reservation VALUES ('R-398', 'P-398', 1);
INSERT INTO public.reservation VALUES ('R-399', 'P-399', 1);
INSERT INTO public.reservation VALUES ('R-400', 'P-400', 1);
INSERT INTO public.reservation VALUES ('R-401', 'P-1', 1);
INSERT INTO public.reservation VALUES ('R-402', 'P-2', 1);
INSERT INTO public.reservation VALUES ('R-403', 'P-3', 1);
INSERT INTO public.reservation VALUES ('R-404', 'P-4', 1);
INSERT INTO public.reservation VALUES ('R-405', 'P-5', 1);
INSERT INTO public.reservation VALUES ('R-406', 'P-6', 1);
INSERT INTO public.reservation VALUES ('R-407', 'P-7', 1);
INSERT INTO public.reservation VALUES ('R-408', 'P-8', 1);
INSERT INTO public.reservation VALUES ('R-409', 'P-9', 1);
INSERT INTO public.reservation VALUES ('R-410', 'P-10', 1);
INSERT INTO public.reservation VALUES ('R-411', 'P-11', 1);
INSERT INTO public.reservation VALUES ('R-412', 'P-12', 1);
INSERT INTO public.reservation VALUES ('R-413', 'P-13', 1);
INSERT INTO public.reservation VALUES ('R-414', 'P-14', 1);
INSERT INTO public.reservation VALUES ('R-415', 'P-15', 1);
INSERT INTO public.reservation VALUES ('R-416', 'P-16', 1);
INSERT INTO public.reservation VALUES ('R-417', 'P-17', 1);
INSERT INTO public.reservation VALUES ('R-418', 'P-18', 1);
INSERT INTO public.reservation VALUES ('R-419', 'P-19', 1);
INSERT INTO public.reservation VALUES ('R-420', 'P-20', 1);
INSERT INTO public.reservation VALUES ('R-421', 'P-21', 1);
INSERT INTO public.reservation VALUES ('R-422', 'P-22', 1);
INSERT INTO public.reservation VALUES ('R-423', 'P-23', 1);
INSERT INTO public.reservation VALUES ('R-424', 'P-24', 1);
INSERT INTO public.reservation VALUES ('R-425', 'P-25', 1);
INSERT INTO public.reservation VALUES ('R-426', 'P-26', 1);
INSERT INTO public.reservation VALUES ('R-427', 'P-27', 1);
INSERT INTO public.reservation VALUES ('R-428', 'P-28', 1);
INSERT INTO public.reservation VALUES ('R-429', 'P-29', 1);
INSERT INTO public.reservation VALUES ('R-430', 'P-30', 1);
INSERT INTO public.reservation VALUES ('R-431', 'P-31', 1);
INSERT INTO public.reservation VALUES ('R-432', 'P-32', 1);
INSERT INTO public.reservation VALUES ('R-433', 'P-33', 1);
INSERT INTO public.reservation VALUES ('R-434', 'P-34', 1);
INSERT INTO public.reservation VALUES ('R-435', 'P-35', 1);
INSERT INTO public.reservation VALUES ('R-436', 'P-36', 1);
INSERT INTO public.reservation VALUES ('R-437', 'P-37', 1);
INSERT INTO public.reservation VALUES ('R-438', 'P-38', 1);
INSERT INTO public.reservation VALUES ('R-439', 'P-39', 1);
INSERT INTO public.reservation VALUES ('R-440', 'P-40', 1);
INSERT INTO public.reservation VALUES ('R-441', 'P-41', 1);
INSERT INTO public.reservation VALUES ('R-442', 'P-42', 1);
INSERT INTO public.reservation VALUES ('R-443', 'P-43', 1);
INSERT INTO public.reservation VALUES ('R-444', 'P-44', 1);
INSERT INTO public.reservation VALUES ('R-445', 'P-45', 1);
INSERT INTO public.reservation VALUES ('R-446', 'P-46', 1);
INSERT INTO public.reservation VALUES ('R-447', 'P-47', 1);
INSERT INTO public.reservation VALUES ('R-448', 'P-48', 1);
INSERT INTO public.reservation VALUES ('R-449', 'P-49', 1);
INSERT INTO public.reservation VALUES ('R-450', 'P-50', 1);
INSERT INTO public.reservation VALUES ('R-451', 'P-51', 1);
INSERT INTO public.reservation VALUES ('R-452', 'P-52', 1);
INSERT INTO public.reservation VALUES ('R-453', 'P-53', 1);
INSERT INTO public.reservation VALUES ('R-454', 'P-54', 1);
INSERT INTO public.reservation VALUES ('R-455', 'P-55', 1);
INSERT INTO public.reservation VALUES ('R-456', 'P-56', 1);
INSERT INTO public.reservation VALUES ('R-457', 'P-57', 1);
INSERT INTO public.reservation VALUES ('R-458', 'P-58', 1);
INSERT INTO public.reservation VALUES ('R-459', 'P-59', 1);
INSERT INTO public.reservation VALUES ('R-460', 'P-60', 1);
INSERT INTO public.reservation VALUES ('R-461', 'P-61', 1);
INSERT INTO public.reservation VALUES ('R-462', 'P-62', 1);
INSERT INTO public.reservation VALUES ('R-463', 'P-63', 1);
INSERT INTO public.reservation VALUES ('R-464', 'P-64', 1);
INSERT INTO public.reservation VALUES ('R-465', 'P-65', 1);
INSERT INTO public.reservation VALUES ('R-466', 'P-66', 1);
INSERT INTO public.reservation VALUES ('R-467', 'P-67', 1);
INSERT INTO public.reservation VALUES ('R-468', 'P-68', 1);
INSERT INTO public.reservation VALUES ('R-469', 'P-69', 1);
INSERT INTO public.reservation VALUES ('R-470', 'P-70', 1);
INSERT INTO public.reservation VALUES ('R-471', 'P-71', 1);
INSERT INTO public.reservation VALUES ('R-472', 'P-72', 1);
INSERT INTO public.reservation VALUES ('R-473', 'P-73', 1);
INSERT INTO public.reservation VALUES ('R-474', 'P-74', 1);
INSERT INTO public.reservation VALUES ('R-475', 'P-75', 1);
INSERT INTO public.reservation VALUES ('R-476', 'P-76', 1);
INSERT INTO public.reservation VALUES ('R-477', 'P-77', 1);
INSERT INTO public.reservation VALUES ('R-478', 'P-78', 1);
INSERT INTO public.reservation VALUES ('R-479', 'P-79', 1);
INSERT INTO public.reservation VALUES ('R-480', 'P-80', 1);
INSERT INTO public.reservation VALUES ('R-481', 'P-81', 1);
INSERT INTO public.reservation VALUES ('R-482', 'P-82', 1);
INSERT INTO public.reservation VALUES ('R-483', 'P-83', 1);
INSERT INTO public.reservation VALUES ('R-484', 'P-84', 1);
INSERT INTO public.reservation VALUES ('R-485', 'P-85', 1);
INSERT INTO public.reservation VALUES ('R-486', 'P-86', 1);
INSERT INTO public.reservation VALUES ('R-487', 'P-87', 1);
INSERT INTO public.reservation VALUES ('R-488', 'P-88', 1);
INSERT INTO public.reservation VALUES ('R-489', 'P-89', 1);
INSERT INTO public.reservation VALUES ('R-490', 'P-90', 1);
INSERT INTO public.reservation VALUES ('R-491', 'P-91', 1);
INSERT INTO public.reservation VALUES ('R-492', 'P-92', 1);
INSERT INTO public.reservation VALUES ('R-493', 'P-93', 1);
INSERT INTO public.reservation VALUES ('R-494', 'P-94', 1);
INSERT INTO public.reservation VALUES ('R-495', 'P-95', 1);
INSERT INTO public.reservation VALUES ('R-496', 'P-96', 1);
INSERT INTO public.reservation VALUES ('R-497', 'P-97', 1);
INSERT INTO public.reservation VALUES ('R-498', 'P-98', 1);
INSERT INTO public.reservation VALUES ('R-499', 'P-99', 1);
INSERT INTO public.reservation VALUES ('R-500', 'P-100', 1);
INSERT INTO public.reservation VALUES ('R-501', 'P-101', 1);
INSERT INTO public.reservation VALUES ('R-502', 'P-102', 1);
INSERT INTO public.reservation VALUES ('R-503', 'P-103', 1);
INSERT INTO public.reservation VALUES ('R-504', 'P-104', 1);
INSERT INTO public.reservation VALUES ('R-505', 'P-105', 1);
INSERT INTO public.reservation VALUES ('R-506', 'P-106', 1);
INSERT INTO public.reservation VALUES ('R-507', 'P-107', 1);
INSERT INTO public.reservation VALUES ('R-508', 'P-108', 1);
INSERT INTO public.reservation VALUES ('R-509', 'P-109', 1);
INSERT INTO public.reservation VALUES ('R-510', 'P-110', 1);
INSERT INTO public.reservation VALUES ('R-511', 'P-111', 1);
INSERT INTO public.reservation VALUES ('R-512', 'P-112', 1);
INSERT INTO public.reservation VALUES ('R-513', 'P-113', 1);
INSERT INTO public.reservation VALUES ('R-514', 'P-114', 1);
INSERT INTO public.reservation VALUES ('R-515', 'P-115', 1);
INSERT INTO public.reservation VALUES ('R-516', 'P-116', 1);
INSERT INTO public.reservation VALUES ('R-517', 'P-117', 1);
INSERT INTO public.reservation VALUES ('R-518', 'P-118', 1);
INSERT INTO public.reservation VALUES ('R-519', 'P-119', 1);
INSERT INTO public.reservation VALUES ('R-520', 'P-120', 1);
INSERT INTO public.reservation VALUES ('R-521', 'P-121', 1);
INSERT INTO public.reservation VALUES ('R-522', 'P-122', 1);
INSERT INTO public.reservation VALUES ('R-523', 'P-123', 1);
INSERT INTO public.reservation VALUES ('R-524', 'P-124', 1);
INSERT INTO public.reservation VALUES ('R-525', 'P-125', 1);
INSERT INTO public.reservation VALUES ('R-526', 'P-126', 1);
INSERT INTO public.reservation VALUES ('R-527', 'P-127', 1);
INSERT INTO public.reservation VALUES ('R-528', 'P-128', 1);
INSERT INTO public.reservation VALUES ('R-529', 'P-129', 1);
INSERT INTO public.reservation VALUES ('R-530', 'P-130', 1);
INSERT INTO public.reservation VALUES ('R-531', 'P-131', 1);
INSERT INTO public.reservation VALUES ('R-532', 'P-132', 1);
INSERT INTO public.reservation VALUES ('R-533', 'P-133', 1);
INSERT INTO public.reservation VALUES ('R-534', 'P-134', 1);
INSERT INTO public.reservation VALUES ('R-535', 'P-135', 1);
INSERT INTO public.reservation VALUES ('R-536', 'P-136', 1);
INSERT INTO public.reservation VALUES ('R-537', 'P-137', 1);
INSERT INTO public.reservation VALUES ('R-538', 'P-138', 1);
INSERT INTO public.reservation VALUES ('R-539', 'P-139', 1);
INSERT INTO public.reservation VALUES ('R-540', 'P-140', 1);
INSERT INTO public.reservation VALUES ('R-541', 'P-141', 1);
INSERT INTO public.reservation VALUES ('R-542', 'P-142', 1);
INSERT INTO public.reservation VALUES ('R-543', 'P-143', 1);
INSERT INTO public.reservation VALUES ('R-544', 'P-144', 1);
INSERT INTO public.reservation VALUES ('R-545', 'P-145', 1);
INSERT INTO public.reservation VALUES ('R-546', 'P-146', 1);
INSERT INTO public.reservation VALUES ('R-547', 'P-147', 1);
INSERT INTO public.reservation VALUES ('R-548', 'P-148', 1);
INSERT INTO public.reservation VALUES ('R-549', 'P-149', 1);
INSERT INTO public.reservation VALUES ('R-550', 'P-150', 1);
INSERT INTO public.reservation VALUES ('R-551', 'P-151', 1);
INSERT INTO public.reservation VALUES ('R-552', 'P-152', 1);
INSERT INTO public.reservation VALUES ('R-553', 'P-153', 1);
INSERT INTO public.reservation VALUES ('R-554', 'P-154', 1);
INSERT INTO public.reservation VALUES ('R-555', 'P-155', 1);
INSERT INTO public.reservation VALUES ('R-556', 'P-156', 1);
INSERT INTO public.reservation VALUES ('R-557', 'P-157', 1);
INSERT INTO public.reservation VALUES ('R-558', 'P-158', 1);
INSERT INTO public.reservation VALUES ('R-559', 'P-159', 1);
INSERT INTO public.reservation VALUES ('R-560', 'P-160', 1);
INSERT INTO public.reservation VALUES ('R-561', 'P-161', 1);
INSERT INTO public.reservation VALUES ('R-562', 'P-162', 1);
INSERT INTO public.reservation VALUES ('R-563', 'P-163', 1);
INSERT INTO public.reservation VALUES ('R-564', 'P-164', 1);
INSERT INTO public.reservation VALUES ('R-565', 'P-165', 1);
INSERT INTO public.reservation VALUES ('R-566', 'P-166', 1);
INSERT INTO public.reservation VALUES ('R-567', 'P-167', 1);
INSERT INTO public.reservation VALUES ('R-568', 'P-168', 1);
INSERT INTO public.reservation VALUES ('R-569', 'P-169', 1);
INSERT INTO public.reservation VALUES ('R-570', 'P-170', 1);
INSERT INTO public.reservation VALUES ('R-571', 'P-171', 1);
INSERT INTO public.reservation VALUES ('R-572', 'P-172', 1);
INSERT INTO public.reservation VALUES ('R-573', 'P-173', 1);
INSERT INTO public.reservation VALUES ('R-574', 'P-174', 1);
INSERT INTO public.reservation VALUES ('R-575', 'P-175', 1);
INSERT INTO public.reservation VALUES ('R-576', 'P-176', 1);
INSERT INTO public.reservation VALUES ('R-577', 'P-177', 1);
INSERT INTO public.reservation VALUES ('R-578', 'P-178', 1);
INSERT INTO public.reservation VALUES ('R-579', 'P-179', 1);
INSERT INTO public.reservation VALUES ('R-580', 'P-180', 1);
INSERT INTO public.reservation VALUES ('R-581', 'P-181', 1);
INSERT INTO public.reservation VALUES ('R-582', 'P-182', 1);
INSERT INTO public.reservation VALUES ('R-583', 'P-183', 1);
INSERT INTO public.reservation VALUES ('R-584', 'P-184', 1);
INSERT INTO public.reservation VALUES ('R-585', 'P-185', 1);
INSERT INTO public.reservation VALUES ('R-586', 'P-186', 1);
INSERT INTO public.reservation VALUES ('R-587', 'P-187', 1);
INSERT INTO public.reservation VALUES ('R-588', 'P-188', 1);
INSERT INTO public.reservation VALUES ('R-589', 'P-189', 1);
INSERT INTO public.reservation VALUES ('R-590', 'P-190', 1);
INSERT INTO public.reservation VALUES ('R-591', 'P-191', 1);
INSERT INTO public.reservation VALUES ('R-592', 'P-192', 1);
INSERT INTO public.reservation VALUES ('R-593', 'P-193', 1);
INSERT INTO public.reservation VALUES ('R-594', 'P-194', 1);
INSERT INTO public.reservation VALUES ('R-595', 'P-195', 1);
INSERT INTO public.reservation VALUES ('R-596', 'P-196', 1);
INSERT INTO public.reservation VALUES ('R-597', 'P-197', 1);
INSERT INTO public.reservation VALUES ('R-598', 'P-198', 1);
INSERT INTO public.reservation VALUES ('R-599', 'P-199', 1);
INSERT INTO public.reservation VALUES ('R-600', 'P-200', 1);
INSERT INTO public.reservation VALUES ('R-601', 'P-201', 1);
INSERT INTO public.reservation VALUES ('R-602', 'P-202', 1);
INSERT INTO public.reservation VALUES ('R-603', 'P-203', 1);
INSERT INTO public.reservation VALUES ('R-604', 'P-204', 1);
INSERT INTO public.reservation VALUES ('R-605', 'P-205', 1);
INSERT INTO public.reservation VALUES ('R-606', 'P-206', 1);
INSERT INTO public.reservation VALUES ('R-607', 'P-207', 1);
INSERT INTO public.reservation VALUES ('R-608', 'P-208', 1);
INSERT INTO public.reservation VALUES ('R-609', 'P-209', 1);
INSERT INTO public.reservation VALUES ('R-610', 'P-210', 1);
INSERT INTO public.reservation VALUES ('R-611', 'P-211', 1);
INSERT INTO public.reservation VALUES ('R-612', 'P-212', 1);
INSERT INTO public.reservation VALUES ('R-613', 'P-213', 1);
INSERT INTO public.reservation VALUES ('R-614', 'P-214', 1);
INSERT INTO public.reservation VALUES ('R-615', 'P-215', 1);
INSERT INTO public.reservation VALUES ('R-616', 'P-216', 1);
INSERT INTO public.reservation VALUES ('R-617', 'P-217', 1);
INSERT INTO public.reservation VALUES ('R-618', 'P-218', 1);
INSERT INTO public.reservation VALUES ('R-619', 'P-219', 1);
INSERT INTO public.reservation VALUES ('R-620', 'P-220', 1);
INSERT INTO public.reservation VALUES ('R-621', 'P-221', 1);
INSERT INTO public.reservation VALUES ('R-622', 'P-222', 1);
INSERT INTO public.reservation VALUES ('R-623', 'P-223', 1);
INSERT INTO public.reservation VALUES ('R-624', 'P-224', 1);
INSERT INTO public.reservation VALUES ('R-625', 'P-225', 1);
INSERT INTO public.reservation VALUES ('R-626', 'P-226', 1);
INSERT INTO public.reservation VALUES ('R-627', 'P-227', 1);
INSERT INTO public.reservation VALUES ('R-628', 'P-228', 1);
INSERT INTO public.reservation VALUES ('R-629', 'P-229', 1);
INSERT INTO public.reservation VALUES ('R-630', 'P-230', 1);
INSERT INTO public.reservation VALUES ('R-631', 'P-231', 1);
INSERT INTO public.reservation VALUES ('R-632', 'P-232', 1);
INSERT INTO public.reservation VALUES ('R-633', 'P-233', 1);
INSERT INTO public.reservation VALUES ('R-634', 'P-234', 1);
INSERT INTO public.reservation VALUES ('R-635', 'P-235', 1);
INSERT INTO public.reservation VALUES ('R-636', 'P-236', 1);
INSERT INTO public.reservation VALUES ('R-637', 'P-237', 1);
INSERT INTO public.reservation VALUES ('R-638', 'P-238', 1);
INSERT INTO public.reservation VALUES ('R-639', 'P-239', 1);
INSERT INTO public.reservation VALUES ('R-640', 'P-240', 1);
INSERT INTO public.reservation VALUES ('R-641', 'P-241', 1);
INSERT INTO public.reservation VALUES ('R-642', 'P-242', 1);
INSERT INTO public.reservation VALUES ('R-643', 'P-243', 1);
INSERT INTO public.reservation VALUES ('R-644', 'P-244', 1);
INSERT INTO public.reservation VALUES ('R-645', 'P-245', 1);
INSERT INTO public.reservation VALUES ('R-646', 'P-246', 1);
INSERT INTO public.reservation VALUES ('R-647', 'P-247', 1);
INSERT INTO public.reservation VALUES ('R-648', 'P-248', 1);
INSERT INTO public.reservation VALUES ('R-649', 'P-249', 1);
INSERT INTO public.reservation VALUES ('R-650', 'P-250', 1);
INSERT INTO public.reservation VALUES ('R-651', 'P-251', 1);
INSERT INTO public.reservation VALUES ('R-652', 'P-252', 1);
INSERT INTO public.reservation VALUES ('R-653', 'P-253', 1);
INSERT INTO public.reservation VALUES ('R-654', 'P-254', 1);
INSERT INTO public.reservation VALUES ('R-655', 'P-255', 1);
INSERT INTO public.reservation VALUES ('R-656', 'P-256', 1);
INSERT INTO public.reservation VALUES ('R-657', 'P-257', 1);
INSERT INTO public.reservation VALUES ('R-658', 'P-258', 1);
INSERT INTO public.reservation VALUES ('R-659', 'P-259', 1);
INSERT INTO public.reservation VALUES ('R-660', 'P-260', 1);
INSERT INTO public.reservation VALUES ('R-661', 'P-261', 1);
INSERT INTO public.reservation VALUES ('R-662', 'P-262', 1);
INSERT INTO public.reservation VALUES ('R-663', 'P-263', 1);
INSERT INTO public.reservation VALUES ('R-664', 'P-264', 1);
INSERT INTO public.reservation VALUES ('R-665', 'P-265', 1);
INSERT INTO public.reservation VALUES ('R-666', 'P-266', 1);
INSERT INTO public.reservation VALUES ('R-667', 'P-267', 1);
INSERT INTO public.reservation VALUES ('R-668', 'P-268', 1);
INSERT INTO public.reservation VALUES ('R-669', 'P-269', 1);
INSERT INTO public.reservation VALUES ('R-670', 'P-270', 1);
INSERT INTO public.reservation VALUES ('R-671', 'P-271', 1);
INSERT INTO public.reservation VALUES ('R-672', 'P-272', 1);
INSERT INTO public.reservation VALUES ('R-673', 'P-273', 1);
INSERT INTO public.reservation VALUES ('R-674', 'P-274', 1);
INSERT INTO public.reservation VALUES ('R-675', 'P-275', 1);
INSERT INTO public.reservation VALUES ('R-676', 'P-276', 1);
INSERT INTO public.reservation VALUES ('R-677', 'P-277', 1);
INSERT INTO public.reservation VALUES ('R-678', 'P-278', 1);
INSERT INTO public.reservation VALUES ('R-679', 'P-279', 1);
INSERT INTO public.reservation VALUES ('R-680', 'P-280', 1);
INSERT INTO public.reservation VALUES ('R-681', 'P-281', 1);
INSERT INTO public.reservation VALUES ('R-682', 'P-282', 1);
INSERT INTO public.reservation VALUES ('R-683', 'P-283', 1);
INSERT INTO public.reservation VALUES ('R-684', 'P-284', 1);
INSERT INTO public.reservation VALUES ('R-685', 'P-285', 1);
INSERT INTO public.reservation VALUES ('R-686', 'P-286', 1);
INSERT INTO public.reservation VALUES ('R-687', 'P-287', 1);
INSERT INTO public.reservation VALUES ('R-688', 'P-288', 1);
INSERT INTO public.reservation VALUES ('R-689', 'P-289', 1);
INSERT INTO public.reservation VALUES ('R-690', 'P-290', 1);
INSERT INTO public.reservation VALUES ('R-691', 'P-291', 1);
INSERT INTO public.reservation VALUES ('R-692', 'P-292', 1);
INSERT INTO public.reservation VALUES ('R-693', 'P-293', 1);
INSERT INTO public.reservation VALUES ('R-694', 'P-294', 1);
INSERT INTO public.reservation VALUES ('R-695', 'P-295', 1);
INSERT INTO public.reservation VALUES ('R-696', 'P-296', 1);
INSERT INTO public.reservation VALUES ('R-697', 'P-297', 1);
INSERT INTO public.reservation VALUES ('R-698', 'P-298', 1);
INSERT INTO public.reservation VALUES ('R-699', 'P-299', 1);
INSERT INTO public.reservation VALUES ('R-700', 'P-300', 1);
INSERT INTO public.reservation VALUES ('R-701', 'P-301', 1);
INSERT INTO public.reservation VALUES ('R-702', 'P-302', 1);
INSERT INTO public.reservation VALUES ('R-703', 'P-303', 1);
INSERT INTO public.reservation VALUES ('R-704', 'P-304', 1);
INSERT INTO public.reservation VALUES ('R-705', 'P-305', 1);
INSERT INTO public.reservation VALUES ('R-706', 'P-306', 1);
INSERT INTO public.reservation VALUES ('R-707', 'P-307', 1);
INSERT INTO public.reservation VALUES ('R-708', 'P-308', 1);
INSERT INTO public.reservation VALUES ('R-709', 'P-309', 1);
INSERT INTO public.reservation VALUES ('R-710', 'P-310', 1);
INSERT INTO public.reservation VALUES ('R-711', 'P-311', 1);
INSERT INTO public.reservation VALUES ('R-712', 'P-312', 1);
INSERT INTO public.reservation VALUES ('R-713', 'P-313', 1);
INSERT INTO public.reservation VALUES ('R-714', 'P-314', 1);
INSERT INTO public.reservation VALUES ('R-715', 'P-315', 1);
INSERT INTO public.reservation VALUES ('R-716', 'P-316', 1);
INSERT INTO public.reservation VALUES ('R-717', 'P-317', 1);
INSERT INTO public.reservation VALUES ('R-718', 'P-318', 1);
INSERT INTO public.reservation VALUES ('R-719', 'P-319', 1);
INSERT INTO public.reservation VALUES ('R-720', 'P-320', 1);
INSERT INTO public.reservation VALUES ('R-721', 'P-321', 1);
INSERT INTO public.reservation VALUES ('R-722', 'P-322', 1);
INSERT INTO public.reservation VALUES ('R-723', 'P-323', 1);
INSERT INTO public.reservation VALUES ('R-724', 'P-324', 1);
INSERT INTO public.reservation VALUES ('R-725', 'P-325', 1);
INSERT INTO public.reservation VALUES ('R-726', 'P-326', 1);
INSERT INTO public.reservation VALUES ('R-727', 'P-327', 1);
INSERT INTO public.reservation VALUES ('R-728', 'P-328', 1);
INSERT INTO public.reservation VALUES ('R-729', 'P-329', 1);
INSERT INTO public.reservation VALUES ('R-730', 'P-330', 1);
INSERT INTO public.reservation VALUES ('R-731', 'P-331', 1);
INSERT INTO public.reservation VALUES ('R-732', 'P-332', 1);
INSERT INTO public.reservation VALUES ('R-733', 'P-333', 1);
INSERT INTO public.reservation VALUES ('R-734', 'P-334', 1);
INSERT INTO public.reservation VALUES ('R-735', 'P-335', 1);
INSERT INTO public.reservation VALUES ('R-736', 'P-336', 1);
INSERT INTO public.reservation VALUES ('R-737', 'P-337', 1);
INSERT INTO public.reservation VALUES ('R-738', 'P-338', 1);
INSERT INTO public.reservation VALUES ('R-739', 'P-339', 1);
INSERT INTO public.reservation VALUES ('R-740', 'P-340', 1);
INSERT INTO public.reservation VALUES ('R-741', 'P-341', 1);
INSERT INTO public.reservation VALUES ('R-742', 'P-342', 1);
INSERT INTO public.reservation VALUES ('R-743', 'P-343', 1);
INSERT INTO public.reservation VALUES ('R-744', 'P-344', 1);
INSERT INTO public.reservation VALUES ('R-745', 'P-345', 1);
INSERT INTO public.reservation VALUES ('R-746', 'P-346', 1);
INSERT INTO public.reservation VALUES ('R-747', 'P-347', 1);
INSERT INTO public.reservation VALUES ('R-748', 'P-348', 1);
INSERT INTO public.reservation VALUES ('R-749', 'P-349', 1);
INSERT INTO public.reservation VALUES ('R-750', 'P-350', 1);
INSERT INTO public.reservation VALUES ('R-751', 'P-351', 1);
INSERT INTO public.reservation VALUES ('R-752', 'P-352', 1);
INSERT INTO public.reservation VALUES ('R-753', 'P-353', 1);
INSERT INTO public.reservation VALUES ('R-754', 'P-354', 1);
INSERT INTO public.reservation VALUES ('R-755', 'P-355', 1);
INSERT INTO public.reservation VALUES ('R-756', 'P-356', 1);
INSERT INTO public.reservation VALUES ('R-757', 'P-357', 1);
INSERT INTO public.reservation VALUES ('R-758', 'P-358', 1);
INSERT INTO public.reservation VALUES ('R-759', 'P-359', 1);
INSERT INTO public.reservation VALUES ('R-760', 'P-360', 1);
INSERT INTO public.reservation VALUES ('R-761', 'P-361', 1);
INSERT INTO public.reservation VALUES ('R-762', 'P-362', 1);
INSERT INTO public.reservation VALUES ('R-763', 'P-363', 1);
INSERT INTO public.reservation VALUES ('R-764', 'P-364', 1);
INSERT INTO public.reservation VALUES ('R-765', 'P-365', 1);
INSERT INTO public.reservation VALUES ('R-766', 'P-366', 1);
INSERT INTO public.reservation VALUES ('R-767', 'P-367', 1);
INSERT INTO public.reservation VALUES ('R-768', 'P-368', 1);
INSERT INTO public.reservation VALUES ('R-769', 'P-369', 1);
INSERT INTO public.reservation VALUES ('R-770', 'P-370', 1);
INSERT INTO public.reservation VALUES ('R-771', 'P-371', 1);
INSERT INTO public.reservation VALUES ('R-772', 'P-372', 1);
INSERT INTO public.reservation VALUES ('R-773', 'P-373', 1);
INSERT INTO public.reservation VALUES ('R-774', 'P-374', 1);
INSERT INTO public.reservation VALUES ('R-775', 'P-375', 1);
INSERT INTO public.reservation VALUES ('R-776', 'P-376', 1);
INSERT INTO public.reservation VALUES ('R-777', 'P-377', 1);
INSERT INTO public.reservation VALUES ('R-778', 'P-378', 1);
INSERT INTO public.reservation VALUES ('R-779', 'P-379', 1);
INSERT INTO public.reservation VALUES ('R-780', 'P-380', 1);
INSERT INTO public.reservation VALUES ('R-781', 'P-381', 1);
INSERT INTO public.reservation VALUES ('R-782', 'P-382', 1);
INSERT INTO public.reservation VALUES ('R-783', 'P-383', 1);
INSERT INTO public.reservation VALUES ('R-784', 'P-384', 1);
INSERT INTO public.reservation VALUES ('R-785', 'P-385', 1);
INSERT INTO public.reservation VALUES ('R-786', 'P-386', 1);
INSERT INTO public.reservation VALUES ('R-787', 'P-387', 1);
INSERT INTO public.reservation VALUES ('R-788', 'P-388', 1);
INSERT INTO public.reservation VALUES ('R-789', 'P-389', 1);
INSERT INTO public.reservation VALUES ('R-790', 'P-390', 1);
INSERT INTO public.reservation VALUES ('R-791', 'P-391', 1);
INSERT INTO public.reservation VALUES ('R-792', 'P-392', 1);
INSERT INTO public.reservation VALUES ('R-793', 'P-393', 1);
INSERT INTO public.reservation VALUES ('R-794', 'P-394', 1);
INSERT INTO public.reservation VALUES ('R-795', 'P-395', 1);
INSERT INTO public.reservation VALUES ('R-796', 'P-396', 1);
INSERT INTO public.reservation VALUES ('R-797', 'P-397', 1);
INSERT INTO public.reservation VALUES ('R-798', 'P-398', 1);
INSERT INTO public.reservation VALUES ('R-799', 'P-399', 1);
INSERT INTO public.reservation VALUES ('R-800', 'P-400', 1);
INSERT INTO public.reservation VALUES ('R-801', 'P-1', 1);
INSERT INTO public.reservation VALUES ('R-802', 'P-2', 1);
INSERT INTO public.reservation VALUES ('R-803', 'P-3', 1);
INSERT INTO public.reservation VALUES ('R-804', 'P-4', 1);
INSERT INTO public.reservation VALUES ('R-805', 'P-5', 1);
INSERT INTO public.reservation VALUES ('R-806', 'P-6', 1);
INSERT INTO public.reservation VALUES ('R-807', 'P-7', 1);
INSERT INTO public.reservation VALUES ('R-808', 'P-8', 1);
INSERT INTO public.reservation VALUES ('R-809', 'P-9', 1);
INSERT INTO public.reservation VALUES ('R-810', 'P-10', 1);
INSERT INTO public.reservation VALUES ('R-811', 'P-11', 1);
INSERT INTO public.reservation VALUES ('R-812', 'P-12', 1);
INSERT INTO public.reservation VALUES ('R-813', 'P-13', 1);
INSERT INTO public.reservation VALUES ('R-814', 'P-14', 1);
INSERT INTO public.reservation VALUES ('R-815', 'P-15', 1);
INSERT INTO public.reservation VALUES ('R-816', 'P-16', 1);
INSERT INTO public.reservation VALUES ('R-817', 'P-17', 1);
INSERT INTO public.reservation VALUES ('R-818', 'P-18', 1);
INSERT INTO public.reservation VALUES ('R-819', 'P-19', 1);
INSERT INTO public.reservation VALUES ('R-820', 'P-20', 1);
INSERT INTO public.reservation VALUES ('R-821', 'P-21', 1);
INSERT INTO public.reservation VALUES ('R-822', 'P-22', 1);
INSERT INTO public.reservation VALUES ('R-823', 'P-23', 1);
INSERT INTO public.reservation VALUES ('R-824', 'P-24', 1);
INSERT INTO public.reservation VALUES ('R-825', 'P-25', 1);
INSERT INTO public.reservation VALUES ('R-826', 'P-26', 1);
INSERT INTO public.reservation VALUES ('R-827', 'P-27', 1);
INSERT INTO public.reservation VALUES ('R-828', 'P-28', 1);
INSERT INTO public.reservation VALUES ('R-829', 'P-29', 1);
INSERT INTO public.reservation VALUES ('R-830', 'P-30', 1);
INSERT INTO public.reservation VALUES ('R-831', 'P-31', 1);
INSERT INTO public.reservation VALUES ('R-832', 'P-32', 1);
INSERT INTO public.reservation VALUES ('R-833', 'P-33', 1);
INSERT INTO public.reservation VALUES ('R-834', 'P-34', 1);
INSERT INTO public.reservation VALUES ('R-835', 'P-35', 1);
INSERT INTO public.reservation VALUES ('R-836', 'P-36', 1);
INSERT INTO public.reservation VALUES ('R-837', 'P-37', 1);
INSERT INTO public.reservation VALUES ('R-838', 'P-38', 1);
INSERT INTO public.reservation VALUES ('R-839', 'P-39', 1);
INSERT INTO public.reservation VALUES ('R-840', 'P-40', 1);
INSERT INTO public.reservation VALUES ('R-841', 'P-41', 1);
INSERT INTO public.reservation VALUES ('R-842', 'P-42', 1);
INSERT INTO public.reservation VALUES ('R-843', 'P-43', 1);
INSERT INTO public.reservation VALUES ('R-844', 'P-44', 1);
INSERT INTO public.reservation VALUES ('R-845', 'P-45', 1);
INSERT INTO public.reservation VALUES ('R-846', 'P-46', 1);
INSERT INTO public.reservation VALUES ('R-847', 'P-47', 1);
INSERT INTO public.reservation VALUES ('R-848', 'P-48', 1);
INSERT INTO public.reservation VALUES ('R-849', 'P-49', 1);
INSERT INTO public.reservation VALUES ('R-850', 'P-50', 1);
INSERT INTO public.reservation VALUES ('R-851', 'P-51', 1);
INSERT INTO public.reservation VALUES ('R-852', 'P-52', 1);
INSERT INTO public.reservation VALUES ('R-853', 'P-53', 1);
INSERT INTO public.reservation VALUES ('R-854', 'P-54', 1);
INSERT INTO public.reservation VALUES ('R-855', 'P-55', 1);
INSERT INTO public.reservation VALUES ('R-856', 'P-56', 1);
INSERT INTO public.reservation VALUES ('R-857', 'P-57', 1);
INSERT INTO public.reservation VALUES ('R-858', 'P-58', 1);
INSERT INTO public.reservation VALUES ('R-859', 'P-59', 1);
INSERT INTO public.reservation VALUES ('R-860', 'P-60', 1);
INSERT INTO public.reservation VALUES ('R-861', 'P-61', 1);
INSERT INTO public.reservation VALUES ('R-862', 'P-62', 1);
INSERT INTO public.reservation VALUES ('R-863', 'P-63', 1);
INSERT INTO public.reservation VALUES ('R-864', 'P-64', 1);
INSERT INTO public.reservation VALUES ('R-865', 'P-65', 1);
INSERT INTO public.reservation VALUES ('R-866', 'P-66', 1);
INSERT INTO public.reservation VALUES ('R-867', 'P-67', 1);
INSERT INTO public.reservation VALUES ('R-868', 'P-68', 1);
INSERT INTO public.reservation VALUES ('R-869', 'P-69', 1);
INSERT INTO public.reservation VALUES ('R-870', 'P-70', 1);
INSERT INTO public.reservation VALUES ('R-871', 'P-71', 1);
INSERT INTO public.reservation VALUES ('R-872', 'P-72', 1);
INSERT INTO public.reservation VALUES ('R-873', 'P-73', 1);
INSERT INTO public.reservation VALUES ('R-874', 'P-74', 1);
INSERT INTO public.reservation VALUES ('R-875', 'P-75', 1);
INSERT INTO public.reservation VALUES ('R-876', 'P-76', 1);
INSERT INTO public.reservation VALUES ('R-877', 'P-77', 1);
INSERT INTO public.reservation VALUES ('R-878', 'P-78', 1);
INSERT INTO public.reservation VALUES ('R-879', 'P-79', 1);
INSERT INTO public.reservation VALUES ('R-880', 'P-80', 1);
INSERT INTO public.reservation VALUES ('R-881', 'P-81', 1);
INSERT INTO public.reservation VALUES ('R-882', 'P-82', 1);
INSERT INTO public.reservation VALUES ('R-883', 'P-83', 1);
INSERT INTO public.reservation VALUES ('R-884', 'P-84', 1);
INSERT INTO public.reservation VALUES ('R-885', 'P-85', 1);
INSERT INTO public.reservation VALUES ('R-886', 'P-86', 1);
INSERT INTO public.reservation VALUES ('R-887', 'P-87', 1);
INSERT INTO public.reservation VALUES ('R-888', 'P-88', 1);
INSERT INTO public.reservation VALUES ('R-889', 'P-89', 1);
INSERT INTO public.reservation VALUES ('R-890', 'P-90', 1);
INSERT INTO public.reservation VALUES ('R-891', 'P-91', 1);
INSERT INTO public.reservation VALUES ('R-892', 'P-92', 1);
INSERT INTO public.reservation VALUES ('R-893', 'P-93', 1);
INSERT INTO public.reservation VALUES ('R-894', 'P-94', 1);
INSERT INTO public.reservation VALUES ('R-895', 'P-95', 1);
INSERT INTO public.reservation VALUES ('R-896', 'P-96', 1);
INSERT INTO public.reservation VALUES ('R-897', 'P-97', 1);
INSERT INTO public.reservation VALUES ('R-898', 'P-98', 1);
INSERT INTO public.reservation VALUES ('R-899', 'P-99', 1);
INSERT INTO public.reservation VALUES ('R-900', 'P-100', 1);
INSERT INTO public.reservation VALUES ('R-901', 'P-101', 1);
INSERT INTO public.reservation VALUES ('R-902', 'P-102', 1);
INSERT INTO public.reservation VALUES ('R-903', 'P-103', 1);
INSERT INTO public.reservation VALUES ('R-904', 'P-104', 1);
INSERT INTO public.reservation VALUES ('R-905', 'P-105', 1);
INSERT INTO public.reservation VALUES ('R-906', 'P-106', 1);
INSERT INTO public.reservation VALUES ('R-907', 'P-107', 1);
INSERT INTO public.reservation VALUES ('R-908', 'P-108', 1);
INSERT INTO public.reservation VALUES ('R-909', 'P-109', 1);
INSERT INTO public.reservation VALUES ('R-910', 'P-110', 1);
INSERT INTO public.reservation VALUES ('R-911', 'P-111', 1);
INSERT INTO public.reservation VALUES ('R-912', 'P-112', 1);
INSERT INTO public.reservation VALUES ('R-913', 'P-113', 1);
INSERT INTO public.reservation VALUES ('R-914', 'P-114', 1);
INSERT INTO public.reservation VALUES ('R-915', 'P-115', 1);
INSERT INTO public.reservation VALUES ('R-916', 'P-116', 1);
INSERT INTO public.reservation VALUES ('R-917', 'P-117', 1);
INSERT INTO public.reservation VALUES ('R-918', 'P-118', 1);
INSERT INTO public.reservation VALUES ('R-919', 'P-119', 1);
INSERT INTO public.reservation VALUES ('R-920', 'P-120', 1);
INSERT INTO public.reservation VALUES ('R-921', 'P-121', 1);
INSERT INTO public.reservation VALUES ('R-922', 'P-122', 1);
INSERT INTO public.reservation VALUES ('R-923', 'P-123', 1);
INSERT INTO public.reservation VALUES ('R-924', 'P-124', 1);
INSERT INTO public.reservation VALUES ('R-925', 'P-125', 1);
INSERT INTO public.reservation VALUES ('R-926', 'P-126', 1);
INSERT INTO public.reservation VALUES ('R-927', 'P-127', 1);
INSERT INTO public.reservation VALUES ('R-928', 'P-128', 1);
INSERT INTO public.reservation VALUES ('R-929', 'P-129', 1);
INSERT INTO public.reservation VALUES ('R-930', 'P-130', 1);
INSERT INTO public.reservation VALUES ('R-931', 'P-131', 1);
INSERT INTO public.reservation VALUES ('R-932', 'P-132', 1);
INSERT INTO public.reservation VALUES ('R-933', 'P-133', 1);
INSERT INTO public.reservation VALUES ('R-934', 'P-134', 1);
INSERT INTO public.reservation VALUES ('R-935', 'P-135', 1);
INSERT INTO public.reservation VALUES ('R-936', 'P-136', 1);
INSERT INTO public.reservation VALUES ('R-937', 'P-137', 1);
INSERT INTO public.reservation VALUES ('R-938', 'P-138', 1);
INSERT INTO public.reservation VALUES ('R-939', 'P-139', 1);
INSERT INTO public.reservation VALUES ('R-940', 'P-140', 1);
INSERT INTO public.reservation VALUES ('R-941', 'P-141', 1);
INSERT INTO public.reservation VALUES ('R-942', 'P-142', 1);
INSERT INTO public.reservation VALUES ('R-943', 'P-143', 1);
INSERT INTO public.reservation VALUES ('R-944', 'P-144', 1);
INSERT INTO public.reservation VALUES ('R-945', 'P-145', 1);
INSERT INTO public.reservation VALUES ('R-946', 'P-146', 1);
INSERT INTO public.reservation VALUES ('R-947', 'P-147', 1);
INSERT INTO public.reservation VALUES ('R-948', 'P-148', 1);
INSERT INTO public.reservation VALUES ('R-949', 'P-149', 1);
INSERT INTO public.reservation VALUES ('R-950', 'P-150', 1);
INSERT INTO public.reservation VALUES ('R-951', 'P-151', 1);
INSERT INTO public.reservation VALUES ('R-952', 'P-152', 1);
INSERT INTO public.reservation VALUES ('R-953', 'P-153', 1);
INSERT INTO public.reservation VALUES ('R-954', 'P-154', 1);
INSERT INTO public.reservation VALUES ('R-955', 'P-155', 1);
INSERT INTO public.reservation VALUES ('R-956', 'P-156', 1);
INSERT INTO public.reservation VALUES ('R-957', 'P-157', 1);
INSERT INTO public.reservation VALUES ('R-958', 'P-158', 1);
INSERT INTO public.reservation VALUES ('R-959', 'P-159', 1);
INSERT INTO public.reservation VALUES ('R-960', 'P-160', 1);
INSERT INTO public.reservation VALUES ('R-961', 'P-161', 1);
INSERT INTO public.reservation VALUES ('R-962', 'P-162', 1);
INSERT INTO public.reservation VALUES ('R-963', 'P-163', 1);
INSERT INTO public.reservation VALUES ('R-964', 'P-164', 1);
INSERT INTO public.reservation VALUES ('R-965', 'P-165', 1);
INSERT INTO public.reservation VALUES ('R-966', 'P-166', 1);
INSERT INTO public.reservation VALUES ('R-967', 'P-167', 1);
INSERT INTO public.reservation VALUES ('R-968', 'P-168', 1);
INSERT INTO public.reservation VALUES ('R-969', 'P-169', 1);
INSERT INTO public.reservation VALUES ('R-970', 'P-170', 1);
INSERT INTO public.reservation VALUES ('R-971', 'P-171', 1);
INSERT INTO public.reservation VALUES ('R-972', 'P-172', 1);
INSERT INTO public.reservation VALUES ('R-973', 'P-173', 1);
INSERT INTO public.reservation VALUES ('R-974', 'P-174', 1);
INSERT INTO public.reservation VALUES ('R-975', 'P-175', 1);
INSERT INTO public.reservation VALUES ('R-976', 'P-176', 1);
INSERT INTO public.reservation VALUES ('R-977', 'P-177', 1);
INSERT INTO public.reservation VALUES ('R-978', 'P-178', 1);
INSERT INTO public.reservation VALUES ('R-979', 'P-179', 1);
INSERT INTO public.reservation VALUES ('R-980', 'P-180', 1);
INSERT INTO public.reservation VALUES ('R-981', 'P-181', 1);
INSERT INTO public.reservation VALUES ('R-982', 'P-182', 1);
INSERT INTO public.reservation VALUES ('R-983', 'P-183', 1);
INSERT INTO public.reservation VALUES ('R-984', 'P-184', 1);
INSERT INTO public.reservation VALUES ('R-985', 'P-185', 1);
INSERT INTO public.reservation VALUES ('R-986', 'P-186', 1);
INSERT INTO public.reservation VALUES ('R-987', 'P-187', 1);
INSERT INTO public.reservation VALUES ('R-988', 'P-188', 1);
INSERT INTO public.reservation VALUES ('R-989', 'P-189', 1);
INSERT INTO public.reservation VALUES ('R-990', 'P-190', 1);
INSERT INTO public.reservation VALUES ('R-991', 'P-191', 1);
INSERT INTO public.reservation VALUES ('R-992', 'P-192', 1);
INSERT INTO public.reservation VALUES ('R-993', 'P-193', 1);
INSERT INTO public.reservation VALUES ('R-994', 'P-194', 1);
INSERT INTO public.reservation VALUES ('R-995', 'P-195', 1);
INSERT INTO public.reservation VALUES ('R-996', 'P-196', 1);
INSERT INTO public.reservation VALUES ('R-997', 'P-197', 1);
INSERT INTO public.reservation VALUES ('R-998', 'P-198', 1);
INSERT INTO public.reservation VALUES ('R-999', 'P-199', 1);
INSERT INTO public.reservation VALUES ('R-1000', 'P-200', 1);


--
-- TOC entry 2720 (class 2606 OID 16501)
-- Name: admin admin_pk; Type: CONSTRAINT; Schema: public; Owner: postgres
--

ALTER TABLE ONLY public.admin
    ADD CONSTRAINT admin_pk PRIMARY KEY (username);


--
-- TOC entry 2714 (class 2606 OID 16477)
-- Name: cinema cinema_pk; Type: CONSTRAINT; Schema: public; Owner: postgres
--

ALTER TABLE ONLY public.cinema
    ADD CONSTRAINT cinema_pk PRIMARY KEY (cinemaid);


--
-- TOC entry 2724 (class 2606 OID 16517)
-- Name: contentadmin contentadmin_pk; Type: CONSTRAINT; Schema: public; Owner: postgres
--

ALTER TABLE ONLY public.contentadmin
    ADD CONSTRAINT contentadmin_pk PRIMARY KEY (username);


--
-- TOC entry 2722 (class 2606 OID 16509)
-- Name: customer customer_pk; Type: CONSTRAINT; Schema: public; Owner: postgres
--

ALTER TABLE ONLY public.customer
    ADD CONSTRAINT customer_pk PRIMARY KEY (username);


--
-- TOC entry 2716 (class 2606 OID 16485)
-- Name: film film_pk; Type: CONSTRAINT; Schema: public; Owner: postgres
--

ALTER TABLE ONLY public.film
    ADD CONSTRAINT film_pk PRIMARY KEY (filmid);


--
-- TOC entry 2718 (class 2606 OID 16493)
-- Name: provoli provoli_pk; Type: CONSTRAINT; Schema: public; Owner: postgres
--

ALTER TABLE ONLY public.provoli
    ADD CONSTRAINT provoli_pk PRIMARY KEY (provoliid);


--
-- TOC entry 2726 (class 2606 OID 16525)
-- Name: reservation reservation_pk; Type: CONSTRAINT; Schema: public; Owner: postgres
--

ALTER TABLE ONLY public.reservation
    ADD CONSTRAINT reservation_pk PRIMARY KEY (reservationid);


--
-- TOC entry 2727 (class 2606 OID 16526)
-- Name: provoli provoli_fk0; Type: FK CONSTRAINT; Schema: public; Owner: postgres
--

ALTER TABLE ONLY public.provoli
    ADD CONSTRAINT provoli_fk0 FOREIGN KEY (provolifilm) REFERENCES public.film(filmid);


--
-- TOC entry 2728 (class 2606 OID 16531)
-- Name: provoli provoli_fk1; Type: FK CONSTRAINT; Schema: public; Owner: postgres
--

ALTER TABLE ONLY public.provoli
    ADD CONSTRAINT provoli_fk1 FOREIGN KEY (provolicinema) REFERENCES public.cinema(cinemaid);


--
-- TOC entry 2729 (class 2606 OID 16536)
-- Name: reservation reservation_fk0; Type: FK CONSTRAINT; Schema: public; Owner: postgres
--

ALTER TABLE ONLY public.reservation
    ADD CONSTRAINT reservation_fk0 FOREIGN KEY (provoli) REFERENCES public.provoli(provoliid);


-- Completed on 2019-06-09 18:51:54

--
-- PostgreSQL database dump complete
--
