reservationID,provoli,numberOfSeats
R-1,P-1,1
R-2,P-2,1
R-3,P-3,1
R-4,P-4,1
R-5,P-5,1
R-6,P-6,1
R-7,P-7,1
R-8,P-8,1
R-9,P-9,1
R-10,P-10,1
R-11,P-11,1
R-12,P-12,1
R-13,P-13,1
R-14,P-14,1
R-15,P-15,1
R-16,P-16,1
R-17,P-17,1
R-18,P-18,1
R-19,P-19,1
R-20,P-20,1
R-21,P-21,1
R-22,P-22,1
R-23,P-23,1
R-24,P-24,1
R-25,P-25,1
R-26,P-26,1
R-27,P-27,1
R-28,P-28,1
R-29,P-29,1
R-30,P-30,1
R-31,P-31,1
R-32,P-32,1
R-33,P-33,1
R-34,P-34,1
R-35,P-35,1
R-36,P-36,1
R-37,P-37,1
R-38,P-38,1
R-39,P-39,1
R-40,P-40,1
R-41,P-41,1
R-42,P-42,1
R-43,P-43,1
R-44,P-44,1
R-45,P-45,1
R-46,P-46,1
R-47,P-47,1
R-48,P-48,1
R-49,P-49,1
R-50,P-50,1
R-51,P-51,1
R-52,P-52,1
R-53,P-53,1
R-54,P-54,1
R-55,P-55,1
R-56,P-56,1
R-57,P-57,1
R-58,P-58,1
R-59,P-59,1
R-60,P-60,1
R-61,P-61,1
R-62,P-62,1
R-63,P-63,1
R-64,P-64,1
R-65,P-65,1
R-66,P-66,1
R-67,P-67,1
R-68,P-68,1
R-69,P-69,1
R-70,P-70,1
R-71,P-71,1
R-72,P-72,1
R-73,P-73,1
R-74,P-74,1
R-75,P-75,1
R-76,P-76,1
R-77,P-77,1
R-78,P-78,1
R-79,P-79,1
R-80,P-80,1
R-81,P-81,1
R-82,P-82,1
R-83,P-83,1
R-84,P-84,1
R-85,P-85,1
R-86,P-86,1
R-87,P-87,1
R-88,P-88,1
R-89,P-89,1
R-90,P-90,1
R-91,P-91,1
R-92,P-92,1
R-93,P-93,1
R-94,P-94,1
R-95,P-95,1
R-96,P-96,1
R-97,P-97,1
R-98,P-98,1
R-99,P-99,1
R-100,P-100,1
R-101,P-101,1
R-102,P-102,1
R-103,P-103,1
R-104,P-104,1
R-105,P-105,1
R-106,P-106,1
R-107,P-107,1
R-108,P-108,1
R-109,P-109,1
R-110,P-110,1
R-111,P-111,1
R-112,P-112,1
R-113,P-113,1
R-114,P-114,1
R-115,P-115,1
R-116,P-116,1
R-117,P-117,1
R-118,P-118,1
R-119,P-119,1
R-120,P-120,1
R-121,P-121,1
R-122,P-122,1
R-123,P-123,1
R-124,P-124,1
R-125,P-125,1
R-126,P-126,1
R-127,P-127,1
R-128,P-128,1
R-129,P-129,1
R-130,P-130,1
R-131,P-131,1
R-132,P-132,1
R-133,P-133,1
R-134,P-134,1
R-135,P-135,1
R-136,P-136,1
R-137,P-137,1
R-138,P-138,1
R-139,P-139,1
R-140,P-140,1
R-141,P-141,1
R-142,P-142,1
R-143,P-143,1
R-144,P-144,1
R-145,P-145,1
R-146,P-146,1
R-147,P-147,1
R-148,P-148,1
R-149,P-149,1
R-150,P-150,1
R-151,P-151,1
R-152,P-152,1
R-153,P-153,1
R-154,P-154,1
R-155,P-155,1
R-156,P-156,1
R-157,P-157,1
R-158,P-158,1
R-159,P-159,1
R-160,P-160,1
R-161,P-161,1
R-162,P-162,1
R-163,P-163,1
R-164,P-164,1
R-165,P-165,1
R-166,P-166,1
R-167,P-167,1
R-168,P-168,1
R-169,P-169,1
R-170,P-170,1
R-171,P-171,1
R-172,P-172,1
R-173,P-173,1
R-174,P-174,1
R-175,P-175,1
R-176,P-176,1
R-177,P-177,1
R-178,P-178,1
R-179,P-179,1
R-180,P-180,1
R-181,P-181,1
R-182,P-182,1
R-183,P-183,1
R-184,P-184,1
R-185,P-185,1
R-186,P-186,1
R-187,P-187,1
R-188,P-188,1
R-189,P-189,1
R-190,P-190,1
R-191,P-191,1
R-192,P-192,1
R-193,P-193,1
R-194,P-194,1
R-195,P-195,1
R-196,P-196,1
R-197,P-197,1
R-198,P-198,1
R-199,P-199,1
R-200,P-200,1
R-201,P-201,1
R-202,P-202,1
R-203,P-203,1
R-204,P-204,1
R-205,P-205,1
R-206,P-206,1
R-207,P-207,1
R-208,P-208,1
R-209,P-209,1
R-210,P-210,1
R-211,P-211,1
R-212,P-212,1
R-213,P-213,1
R-214,P-214,1
R-215,P-215,1
R-216,P-216,1
R-217,P-217,1
R-218,P-218,1
R-219,P-219,1
R-220,P-220,1
R-221,P-221,1
R-222,P-222,1
R-223,P-223,1
R-224,P-224,1
R-225,P-225,1
R-226,P-226,1
R-227,P-227,1
R-228,P-228,1
R-229,P-229,1
R-230,P-230,1
R-231,P-231,1
R-232,P-232,1
R-233,P-233,1
R-234,P-234,1
R-235,P-235,1
R-236,P-236,1
R-237,P-237,1
R-238,P-238,1
R-239,P-239,1
R-240,P-240,1
R-241,P-241,1
R-242,P-242,1
R-243,P-243,1
R-244,P-244,1
R-245,P-245,1
R-246,P-246,1
R-247,P-247,1
R-248,P-248,1
R-249,P-249,1
R-250,P-250,1
R-251,P-251,1
R-252,P-252,1
R-253,P-253,1
R-254,P-254,1
R-255,P-255,1
R-256,P-256,1
R-257,P-257,1
R-258,P-258,1
R-259,P-259,1
R-260,P-260,1
R-261,P-261,1
R-262,P-262,1
R-263,P-263,1
R-264,P-264,1
R-265,P-265,1
R-266,P-266,1
R-267,P-267,1
R-268,P-268,1
R-269,P-269,1
R-270,P-270,1
R-271,P-271,1
R-272,P-272,1
R-273,P-273,1
R-274,P-274,1
R-275,P-275,1
R-276,P-276,1
R-277,P-277,1
R-278,P-278,1
R-279,P-279,1
R-280,P-280,1
R-281,P-281,1
R-282,P-282,1
R-283,P-283,1
R-284,P-284,1
R-285,P-285,1
R-286,P-286,1
R-287,P-287,1
R-288,P-288,1
R-289,P-289,1
R-290,P-290,1
R-291,P-291,1
R-292,P-292,1
R-293,P-293,1
R-294,P-294,1
R-295,P-295,1
R-296,P-296,1
R-297,P-297,1
R-298,P-298,1
R-299,P-299,1
R-300,P-300,1
R-301,P-301,1
R-302,P-302,1
R-303,P-303,1
R-304,P-304,1
R-305,P-305,1
R-306,P-306,1
R-307,P-307,1
R-308,P-308,1
R-309,P-309,1
R-310,P-310,1
R-311,P-311,1
R-312,P-312,1
R-313,P-313,1
R-314,P-314,1
R-315,P-315,1
R-316,P-316,1
R-317,P-317,1
R-318,P-318,1
R-319,P-319,1
R-320,P-320,1
R-321,P-321,1
R-322,P-322,1
R-323,P-323,1
R-324,P-324,1
R-325,P-325,1
R-326,P-326,1
R-327,P-327,1
R-328,P-328,1
R-329,P-329,1
R-330,P-330,1
R-331,P-331,1
R-332,P-332,1
R-333,P-333,1
R-334,P-334,1
R-335,P-335,1
R-336,P-336,1
R-337,P-337,1
R-338,P-338,1
R-339,P-339,1
R-340,P-340,1
R-341,P-341,1
R-342,P-342,1
R-343,P-343,1
R-344,P-344,1
R-345,P-345,1
R-346,P-346,1
R-347,P-347,1
R-348,P-348,1
R-349,P-349,1
R-350,P-350,1
R-351,P-351,1
R-352,P-352,1
R-353,P-353,1
R-354,P-354,1
R-355,P-355,1
R-356,P-356,1
R-357,P-357,1
R-358,P-358,1
R-359,P-359,1
R-360,P-360,1
R-361,P-361,1
R-362,P-362,1
R-363,P-363,1
R-364,P-364,1
R-365,P-365,1
R-366,P-366,1
R-367,P-367,1
R-368,P-368,1
R-369,P-369,1
R-370,P-370,1
R-371,P-371,1
R-372,P-372,1
R-373,P-373,1
R-374,P-374,1
R-375,P-375,1
R-376,P-376,1
R-377,P-377,1
R-378,P-378,1
R-379,P-379,1
R-380,P-380,1
R-381,P-381,1
R-382,P-382,1
R-383,P-383,1
R-384,P-384,1
R-385,P-385,1
R-386,P-386,1
R-387,P-387,1
R-388,P-388,1
R-389,P-389,1
R-390,P-390,1
R-391,P-391,1
R-392,P-392,1
R-393,P-393,1
R-394,P-394,1
R-395,P-395,1
R-396,P-396,1
R-397,P-397,1
R-398,P-398,1
R-399,P-399,1
R-400,P-400,1
R-401,P-1,1
R-402,P-2,1
R-403,P-3,1
R-404,P-4,1
R-405,P-5,1
R-406,P-6,1
R-407,P-7,1
R-408,P-8,1
R-409,P-9,1
R-410,P-10,1
R-411,P-11,1
R-412,P-12,1
R-413,P-13,1
R-414,P-14,1
R-415,P-15,1
R-416,P-16,1
R-417,P-17,1
R-418,P-18,1
R-419,P-19,1
R-420,P-20,1
R-421,P-21,1
R-422,P-22,1
R-423,P-23,1
R-424,P-24,1
R-425,P-25,1
R-426,P-26,1
R-427,P-27,1
R-428,P-28,1
R-429,P-29,1
R-430,P-30,1
R-431,P-31,1
R-432,P-32,1
R-433,P-33,1
R-434,P-34,1
R-435,P-35,1
R-436,P-36,1
R-437,P-37,1
R-438,P-38,1
R-439,P-39,1
R-440,P-40,1
R-441,P-41,1
R-442,P-42,1
R-443,P-43,1
R-444,P-44,1
R-445,P-45,1
R-446,P-46,1
R-447,P-47,1
R-448,P-48,1
R-449,P-49,1
R-450,P-50,1
R-451,P-51,1
R-452,P-52,1
R-453,P-53,1
R-454,P-54,1
R-455,P-55,1
R-456,P-56,1
R-457,P-57,1
R-458,P-58,1
R-459,P-59,1
R-460,P-60,1
R-461,P-61,1
R-462,P-62,1
R-463,P-63,1
R-464,P-64,1
R-465,P-65,1
R-466,P-66,1
R-467,P-67,1
R-468,P-68,1
R-469,P-69,1
R-470,P-70,1
R-471,P-71,1
R-472,P-72,1
R-473,P-73,1
R-474,P-74,1
R-475,P-75,1
R-476,P-76,1
R-477,P-77,1
R-478,P-78,1
R-479,P-79,1
R-480,P-80,1
R-481,P-81,1
R-482,P-82,1
R-483,P-83,1
R-484,P-84,1
R-485,P-85,1
R-486,P-86,1
R-487,P-87,1
R-488,P-88,1
R-489,P-89,1
R-490,P-90,1
R-491,P-91,1
R-492,P-92,1
R-493,P-93,1
R-494,P-94,1
R-495,P-95,1
R-496,P-96,1
R-497,P-97,1
R-498,P-98,1
R-499,P-99,1
R-500,P-100,1
R-501,P-101,1
R-502,P-102,1
R-503,P-103,1
R-504,P-104,1
R-505,P-105,1
R-506,P-106,1
R-507,P-107,1
R-508,P-108,1
R-509,P-109,1
R-510,P-110,1
R-511,P-111,1
R-512,P-112,1
R-513,P-113,1
R-514,P-114,1
R-515,P-115,1
R-516,P-116,1
R-517,P-117,1
R-518,P-118,1
R-519,P-119,1
R-520,P-120,1
R-521,P-121,1
R-522,P-122,1
R-523,P-123,1
R-524,P-124,1
R-525,P-125,1
R-526,P-126,1
R-527,P-127,1
R-528,P-128,1
R-529,P-129,1
R-530,P-130,1
R-531,P-131,1
R-532,P-132,1
R-533,P-133,1
R-534,P-134,1
R-535,P-135,1
R-536,P-136,1
R-537,P-137,1
R-538,P-138,1
R-539,P-139,1
R-540,P-140,1
R-541,P-141,1
R-542,P-142,1
R-543,P-143,1
R-544,P-144,1
R-545,P-145,1
R-546,P-146,1
R-547,P-147,1
R-548,P-148,1
R-549,P-149,1
R-550,P-150,1
R-551,P-151,1
R-552,P-152,1
R-553,P-153,1
R-554,P-154,1
R-555,P-155,1
R-556,P-156,1
R-557,P-157,1
R-558,P-158,1
R-559,P-159,1
R-560,P-160,1
R-561,P-161,1
R-562,P-162,1
R-563,P-163,1
R-564,P-164,1
R-565,P-165,1
R-566,P-166,1
R-567,P-167,1
R-568,P-168,1
R-569,P-169,1
R-570,P-170,1
R-571,P-171,1
R-572,P-172,1
R-573,P-173,1
R-574,P-174,1
R-575,P-175,1
R-576,P-176,1
R-577,P-177,1
R-578,P-178,1
R-579,P-179,1
R-580,P-180,1
R-581,P-181,1
R-582,P-182,1
R-583,P-183,1
R-584,P-184,1
R-585,P-185,1
R-586,P-186,1
R-587,P-187,1
R-588,P-188,1
R-589,P-189,1
R-590,P-190,1
R-591,P-191,1
R-592,P-192,1
R-593,P-193,1
R-594,P-194,1
R-595,P-195,1
R-596,P-196,1
R-597,P-197,1
R-598,P-198,1
R-599,P-199,1
R-600,P-200,1
R-601,P-201,1
R-602,P-202,1
R-603,P-203,1
R-604,P-204,1
R-605,P-205,1
R-606,P-206,1
R-607,P-207,1
R-608,P-208,1
R-609,P-209,1
R-610,P-210,1
R-611,P-211,1
R-612,P-212,1
R-613,P-213,1
R-614,P-214,1
R-615,P-215,1
R-616,P-216,1
R-617,P-217,1
R-618,P-218,1
R-619,P-219,1
R-620,P-220,1
R-621,P-221,1
R-622,P-222,1
R-623,P-223,1
R-624,P-224,1
R-625,P-225,1
R-626,P-226,1
R-627,P-227,1
R-628,P-228,1
R-629,P-229,1
R-630,P-230,1
R-631,P-231,1
R-632,P-232,1
R-633,P-233,1
R-634,P-234,1
R-635,P-235,1
R-636,P-236,1
R-637,P-237,1
R-638,P-238,1
R-639,P-239,1
R-640,P-240,1
R-641,P-241,1
R-642,P-242,1
R-643,P-243,1
R-644,P-244,1
R-645,P-245,1
R-646,P-246,1
R-647,P-247,1
R-648,P-248,1
R-649,P-249,1
R-650,P-250,1
R-651,P-251,1
R-652,P-252,1
R-653,P-253,1
R-654,P-254,1
R-655,P-255,1
R-656,P-256,1
R-657,P-257,1
R-658,P-258,1
R-659,P-259,1
R-660,P-260,1
R-661,P-261,1
R-662,P-262,1
R-663,P-263,1
R-664,P-264,1
R-665,P-265,1
R-666,P-266,1
R-667,P-267,1
R-668,P-268,1
R-669,P-269,1
R-670,P-270,1
R-671,P-271,1
R-672,P-272,1
R-673,P-273,1
R-674,P-274,1
R-675,P-275,1
R-676,P-276,1
R-677,P-277,1
R-678,P-278,1
R-679,P-279,1
R-680,P-280,1
R-681,P-281,1
R-682,P-282,1
R-683,P-283,1
R-684,P-284,1
R-685,P-285,1
R-686,P-286,1
R-687,P-287,1
R-688,P-288,1
R-689,P-289,1
R-690,P-290,1
R-691,P-291,1
R-692,P-292,1
R-693,P-293,1
R-694,P-294,1
R-695,P-295,1
R-696,P-296,1
R-697,P-297,1
R-698,P-298,1
R-699,P-299,1
R-700,P-300,1
R-701,P-301,1
R-702,P-302,1
R-703,P-303,1
R-704,P-304,1
R-705,P-305,1
R-706,P-306,1
R-707,P-307,1
R-708,P-308,1
R-709,P-309,1
R-710,P-310,1
R-711,P-311,1
R-712,P-312,1
R-713,P-313,1
R-714,P-314,1
R-715,P-315,1
R-716,P-316,1
R-717,P-317,1
R-718,P-318,1
R-719,P-319,1
R-720,P-320,1
R-721,P-321,1
R-722,P-322,1
R-723,P-323,1
R-724,P-324,1
R-725,P-325,1
R-726,P-326,1
R-727,P-327,1
R-728,P-328,1
R-729,P-329,1
R-730,P-330,1
R-731,P-331,1
R-732,P-332,1
R-733,P-333,1
R-734,P-334,1
R-735,P-335,1
R-736,P-336,1
R-737,P-337,1
R-738,P-338,1
R-739,P-339,1
R-740,P-340,1
R-741,P-341,1
R-742,P-342,1
R-743,P-343,1
R-744,P-344,1
R-745,P-345,1
R-746,P-346,1
R-747,P-347,1
R-748,P-348,1
R-749,P-349,1
R-750,P-350,1
R-751,P-351,1
R-752,P-352,1
R-753,P-353,1
R-754,P-354,1
R-755,P-355,1
R-756,P-356,1
R-757,P-357,1
R-758,P-358,1
R-759,P-359,1
R-760,P-360,1
R-761,P-361,1
R-762,P-362,1
R-763,P-363,1
R-764,P-364,1
R-765,P-365,1
R-766,P-366,1
R-767,P-367,1
R-768,P-368,1
R-769,P-369,1
R-770,P-370,1
R-771,P-371,1
R-772,P-372,1
R-773,P-373,1
R-774,P-374,1
R-775,P-375,1
R-776,P-376,1
R-777,P-377,1
R-778,P-378,1
R-779,P-379,1
R-780,P-380,1
R-781,P-381,1
R-782,P-382,1
R-783,P-383,1
R-784,P-384,1
R-785,P-385,1
R-786,P-386,1
R-787,P-387,1
R-788,P-388,1
R-789,P-389,1
R-790,P-390,1
R-791,P-391,1
R-792,P-392,1
R-793,P-393,1
R-794,P-394,1
R-795,P-395,1
R-796,P-396,1
R-797,P-397,1
R-798,P-398,1
R-799,P-399,1
R-800,P-400,1
R-801,P-1,1
R-802,P-2,1
R-803,P-3,1
R-804,P-4,1
R-805,P-5,1
R-806,P-6,1
R-807,P-7,1
R-808,P-8,1
R-809,P-9,1
R-810,P-10,1
R-811,P-11,1
R-812,P-12,1
R-813,P-13,1
R-814,P-14,1
R-815,P-15,1
R-816,P-16,1
R-817,P-17,1
R-818,P-18,1
R-819,P-19,1
R-820,P-20,1
R-821,P-21,1
R-822,P-22,1
R-823,P-23,1
R-824,P-24,1
R-825,P-25,1
R-826,P-26,1
R-827,P-27,1
R-828,P-28,1
R-829,P-29,1
R-830,P-30,1
R-831,P-31,1
R-832,P-32,1
R-833,P-33,1
R-834,P-34,1
R-835,P-35,1
R-836,P-36,1
R-837,P-37,1
R-838,P-38,1
R-839,P-39,1
R-840,P-40,1
R-841,P-41,1
R-842,P-42,1
R-843,P-43,1
R-844,P-44,1
R-845,P-45,1
R-846,P-46,1
R-847,P-47,1
R-848,P-48,1
R-849,P-49,1
R-850,P-50,1
R-851,P-51,1
R-852,P-52,1
R-853,P-53,1
R-854,P-54,1
R-855,P-55,1
R-856,P-56,1
R-857,P-57,1
R-858,P-58,1
R-859,P-59,1
R-860,P-60,1
R-861,P-61,1
R-862,P-62,1
R-863,P-63,1
R-864,P-64,1
R-865,P-65,1
R-866,P-66,1
R-867,P-67,1
R-868,P-68,1
R-869,P-69,1
R-870,P-70,1
R-871,P-71,1
R-872,P-72,1
R-873,P-73,1
R-874,P-74,1
R-875,P-75,1
R-876,P-76,1
R-877,P-77,1
R-878,P-78,1
R-879,P-79,1
R-880,P-80,1
R-881,P-81,1
R-882,P-82,1
R-883,P-83,1
R-884,P-84,1
R-885,P-85,1
R-886,P-86,1
R-887,P-87,1
R-888,P-88,1
R-889,P-89,1
R-890,P-90,1
R-891,P-91,1
R-892,P-92,1
R-893,P-93,1
R-894,P-94,1
R-895,P-95,1
R-896,P-96,1
R-897,P-97,1
R-898,P-98,1
R-899,P-99,1
R-900,P-100,1
R-901,P-101,1
R-902,P-102,1
R-903,P-103,1
R-904,P-104,1
R-905,P-105,1
R-906,P-106,1
R-907,P-107,1
R-908,P-108,1
R-909,P-109,1
R-910,P-110,1
R-911,P-111,1
R-912,P-112,1
R-913,P-113,1
R-914,P-114,1
R-915,P-115,1
R-916,P-116,1
R-917,P-117,1
R-918,P-118,1
R-919,P-119,1
R-920,P-120,1
R-921,P-121,1
R-922,P-122,1
R-923,P-123,1
R-924,P-124,1
R-925,P-125,1
R-926,P-126,1
R-927,P-127,1
R-928,P-128,1
R-929,P-129,1
R-930,P-130,1
R-931,P-131,1
R-932,P-132,1
R-933,P-133,1
R-934,P-134,1
R-935,P-135,1
R-936,P-136,1
R-937,P-137,1
R-938,P-138,1
R-939,P-139,1
R-940,P-140,1
R-941,P-141,1
R-942,P-142,1
R-943,P-143,1
R-944,P-144,1
R-945,P-145,1
R-946,P-146,1
R-947,P-147,1
R-948,P-148,1
R-949,P-149,1
R-950,P-150,1
R-951,P-151,1
R-952,P-152,1
R-953,P-153,1
R-954,P-154,1
R-955,P-155,1
R-956,P-156,1
R-957,P-157,1
R-958,P-158,1
R-959,P-159,1
R-960,P-160,1
R-961,P-161,1
R-962,P-162,1
R-963,P-163,1
R-964,P-164,1
R-965,P-165,1
R-966,P-166,1
R-967,P-167,1
R-968,P-168,1
R-969,P-169,1
R-970,P-170,1
R-971,P-171,1
R-972,P-172,1
R-973,P-173,1
R-974,P-174,1
R-975,P-175,1
R-976,P-176,1
R-977,P-177,1
R-978,P-178,1
R-979,P-179,1
R-980,P-180,1
R-981,P-181,1
R-982,P-182,1
R-983,P-183,1
R-984,P-184,1
R-985,P-185,1
R-986,P-186,1
R-987,P-187,1
R-988,P-188,1
R-989,P-189,1
R-990,P-190,1
R-991,P-191,1
R-992,P-192,1
R-993,P-193,1
R-994,P-194,1
R-995,P-195,1
R-996,P-196,1
R-997,P-197,1
R-998,P-198,1
R-999,P-199,1
R-1000,P-200,1
